Destination Port,Flow Duration,Total Fwd Packets,Total Backward Packets,Total Length of Fwd Packets,Total Length of Bwd Packets,Fwd Packet Length Max,Fwd Packet Length Min,Fwd Packet Length Mean,Fwd Packet Length Std,Bwd Packet Length Max,Bwd Packet Length Min,Bwd Packet Length Mean,Bwd Packet Length Std,Flow Bytes/s,Flow Packets/s,Flow IAT Mean,Flow IAT Std,Flow IAT Max,Flow IAT Min,Fwd IAT Total,Fwd IAT Mean,Fwd IAT Std,Fwd IAT Max,Fwd IAT Min,Bwd IAT Total,Bwd IAT Mean,Bwd IAT Std,Bwd IAT Max,Bwd IAT Min,Fwd PSH Flags,Fwd URG Flags,Fwd Header Length,Bwd Header Length,Fwd Packets/s,Bwd Packets/s,Min Packet Length,Max Packet Length,Packet Length Mean,Packet Length Std,Packet Length Variance,FIN Flag Count,SYN Flag Count,RST Flag Count,PSH Flag Count,ACK Flag Count,URG Flag Count,CWE Flag Count,ECE Flag Count,Down/Up Ratio,Average Packet Size,Avg Fwd Segment Size,Avg Bwd Segment Size,Init_Win_bytes_forward,Init_Win_bytes_backward,Act_data_pkt_fwd,Min_seg_size_forward,Active Mean,Active Std,Active Max,Active Min,Idle Mean,Idle Std,Idle Max,Idle Min
5353,127.7995400428772,24,0,2544,0,119,87,106.0,13.628614398932218,0,0,0,0,19.906174929475327,0.18779410310825778,5.556501740994661,6.539299534558873,20.08139204978943,0.099822998046875,127.7995376586914,5.556501740994661,6.539299534558873,20.08139204978943,0.099822998046875,0,0,0,0,0,0,0,816,0,0.18779410310825778,0.0,87,119,106.0,13.628614398932218,185.73913043478257,0,0,0,0,0,0,0,0,0.0,106.0,106.0,0,0,0,0,87,1727764999.5775402,35.01544908304366,1727765051.19512,1727764923.39558,8.287981017430623,6.647038885197361,20.08139204978943,1.0241119861602783
53,1.0,1,0,85,0,85,85,85.0,0.0,0,0,0,0,85.0,1.0,0.0,0.0,0.0,0.0,0.0,0.0,0.0,0.0,0.0,0,0,0,0,0,0,0,34,0,1.0,0.0,85,85,85.0,0.0,0.0,0,0,0,0,0,0,0,0,0.0,85.0,85.0,0,0,0,0,85,1727764926.072467,0.0,1727764926.072467,1727764926.072467,0.0,0.0,0.0,0.0
53,1.0,1,0,85,0,85,85,85.0,0.0,0,0,0,0,85.0,1.0,0.0,0.0,0.0,0.0,0.0,0.0,0.0,0.0,0.0,0,0,0,0,0,0,0,34,0,1.0,0.0,85,85,85.0,0.0,0.0,0,0,0,0,0,0,0,0,0.0,85.0,85.0,0,0,0,0,85,1727764926.072718,0.0,1727764926.072718,1727764926.072718,0.0,0.0,0.0,0.0
51990,1.0,1,0,101,0,101,101,101.0,0.0,0,0,0,0,101.0,1.0,0.0,0.0,0.0,0.0,0.0,0.0,0.0,0.0,0.0,0,0,0,0,0,0,0,34,0,1.0,0.0,101,101,101.0,0.0,0.0,0,0,0,0,0,0,0,0,0.0,101.0,101.0,0,0,0,0,101,1727764926.080663,0.0,1727764926.080663,1727764926.080663,0.0,0.0,0.0,0.0
48321,1.0,1,0,113,0,113,113,113.0,0.0,0,0,0,0,113.0,1.0,0.0,0.0,0.0,0.0,0.0,0.0,0.0,0.0,0.0,0,0,0,0,0,0,0,34,0,1.0,0.0,113,113,113.0,0.0,0.0,0,0,0,0,0,0,0,0,0.0,113.0,113.0,0,0,0,0,113,1727764926.08113,0.0,1727764926.08113,1727764926.08113,0.0,0.0,0.0,0.0
53,1.0,1,0,85,0,85,85,85.0,0.0,0,0,0,0,85.0,1.0,0.0,0.0,0.0,0.0,0.0,0.0,0.0,0.0,0.0,0,0,0,0,0,0,0,34,0,1.0,0.0,85,85,85.0,0.0,0.0,0,0,0,0,0,0,0,0,0.0,85.0,85.0,0,0,0,0,85,1727764929.48229,0.0,1727764929.48229,1727764929.48229,0.0,0.0,0.0,0.0
53,1.0,1,0,85,0,85,85,85.0,0.0,0,0,0,0,85.0,1.0,0.0,0.0,0.0,0.0,0.0,0.0,0.0,0.0,0.0,0,0,0,0,0,0,0,34,0,1.0,0.0,85,85,85.0,0.0,0.0,0,0,0,0,0,0,0,0,0.0,85.0,85.0,0,0,0,0,85,1727764929.482398,0.0,1727764929.482398,1727764929.482398,0.0,0.0,0.0,0.0
38210,1.0,1,0,121,0,121,121,121.0,0.0,0,0,0,0,121.0,1.0,0.0,0.0,0.0,0.0,0.0,0.0,0.0,0.0,0.0,0,0,0,0,0,0,0,34,0,1.0,0.0,121,121,121.0,0.0,0.0,0,0,0,0,0,0,0,0,0.0,121.0,121.0,0,0,0,0,121,1727764929.497414,0.0,1727764929.497414,1727764929.497414,0.0,0.0,0.0,0.0
43501,1.0,1,0,133,0,133,133,133.0,0.0,0,0,0,0,133.0,1.0,0.0,0.0,0.0,0.0,0.0,0.0,0.0,0.0,0.0,0,0,0,0,0,0,0,34,0,1.0,0.0,133,133,133.0,0.0,0.0,0,0,0,0,0,0,0,0,0.0,133.0,133.0,0,0,0,0,133,1727764929.497661,0.0,1727764929.497661,1727764929.497661,0.0,0.0,0.0,0.0
53,1.0,1,0,87,0,87,87,87.0,0.0,0,0,0,0,87.0,1.0,0.0,0.0,0.0,0.0,0.0,0.0,0.0,0.0,0.0,0,0,0,0,0,0,0,34,0,1.0,0.0,87,87,87.0,0.0,0.0,0,0,0,0,0,0,0,0,0.0,87.0,87.0,0,0,0,0,87,1727764929.500466,0.0,1727764929.500466,1727764929.500466,0.0,0.0,0.0,0.0
56059,1.0,1,0,137,0,137,137,137.0,0.0,0,0,0,0,137.0,1.0,0.0,0.0,0.0,0.0,0.0,0.0,0.0,0.0,0.0,0,0,0,0,0,0,0,34,0,1.0,0.0,137,137,137.0,0.0,0.0,0,0,0,0,0,0,0,0,0.0,137.0,137.0,0,0,0,0,137,1727764929.528487,0.0,1727764929.528487,1727764929.528487,0.0,0.0,0.0,0.0
53,1.0,1,0,86,0,86,86,86.0,0.0,0,0,0,0,86.0,1.0,0.0,0.0,0.0,0.0,0.0,0.0,0.0,0.0,0.0,0,0,0,0,0,0,0,34,0,1.0,0.0,86,86,86.0,0.0,0.0,0,0,0,0,0,0,0,0,0.0,86.0,86.0,0,0,0,0,86,1727764929.558739,0.0,1727764929.558739,1727764929.558739,0.0,0.0,0.0,0.0
53,1.0,1,0,86,0,86,86,86.0,0.0,0,0,0,0,86.0,1.0,0.0,0.0,0.0,0.0,0.0,0.0,0.0,0.0,0.0,0,0,0,0,0,0,0,34,0,1.0,0.0,86,86,86.0,0.0,0.0,0,0,0,0,0,0,0,0,0.0,86.0,86.0,0,0,0,0,86,1727764929.558874,0.0,1727764929.558874,1727764929.558874,0.0,0.0,0.0,0.0
38974,1.0,1,0,102,0,102,102,102.0,0.0,0,0,0,0,102.0,1.0,0.0,0.0,0.0,0.0,0.0,0.0,0.0,0.0,0.0,0,0,0,0,0,0,0,34,0,1.0,0.0,102,102,102.0,0.0,0.0,0,0,0,0,0,0,0,0,0.0,102.0,102.0,0,0,0,0,102,1727764929.565077,0.0,1727764929.565077,1727764929.565077,0.0,0.0,0.0,0.0
38749,1.0,1,0,114,0,114,114,114.0,0.0,0,0,0,0,114.0,1.0,0.0,0.0,0.0,0.0,0.0,0.0,0.0,0.0,0.0,0,0,0,0,0,0,0,34,0,1.0,0.0,114,114,114.0,0.0,0.0,0,0,0,0,0,0,0,0,0.0,114.0,114.0,0,0,0,0,114,1727764929.566706,0.0,1727764929.566706,1727764929.566706,0.0,0.0,0.0,0.0
53,1.0,1,0,99,0,99,99,99.0,0.0,0,0,0,0,99.0,1.0,0.0,0.0,0.0,0.0,0.0,0.0,0.0,0.0,0.0,0,0,0,0,0,0,0,34,0,1.0,0.0,99,99,99.0,0.0,0.0,0,0,0,0,0,0,0,0,0.0,99.0,99.0,0,0,0,0,99,1727764929.62863,0.0,1727764929.62863,1727764929.62863,0.0,0.0,0.0,0.0
53,1.0,1,0,99,0,99,99,99.0,0.0,0,0,0,0,99.0,1.0,0.0,0.0,0.0,0.0,0.0,0.0,0.0,0.0,0.0,0,0,0,0,0,0,0,34,0,1.0,0.0,99,99,99.0,0.0,0.0,0,0,0,0,0,0,0,0,0.0,99.0,99.0,0,0,0,0,99,1727764929.628773,0.0,1727764929.628773,1727764929.628773,0.0,0.0,0.0,0.0
53,1.0,1,0,86,0,86,86,86.0,0.0,0,0,0,0,86.0,1.0,0.0,0.0,0.0,0.0,0.0,0.0,0.0,0.0,0.0,0,0,0,0,0,0,0,34,0,1.0,0.0,86,86,86.0,0.0,0.0,0,0,0,0,0,0,0,0,0.0,86.0,86.0,0,0,0,0,86,1727764929.629544,0.0,1727764929.629544,1727764929.629544,0.0,0.0,0.0,0.0
53,1.0,1,0,86,0,86,86,86.0,0.0,0,0,0,0,86.0,1.0,0.0,0.0,0.0,0.0,0.0,0.0,0.0,0.0,0.0,0,0,0,0,0,0,0,34,0,1.0,0.0,86,86,86.0,0.0,0.0,0,0,0,0,0,0,0,0,0.0,86.0,86.0,0,0,0,0,86,1727764929.629642,0.0,1727764929.629642,1727764929.629642,0.0,0.0,0.0,0.0
53,1.0,1,0,97,0,97,97,97.0,0.0,0,0,0,0,97.0,1.0,0.0,0.0,0.0,0.0,0.0,0.0,0.0,0.0,0.0,0,0,0,0,0,0,0,34,0,1.0,0.0,97,97,97.0,0.0,0.0,0,0,0,0,0,0,0,0,0.0,97.0,97.0,0,0,0,0,97,1727764929.632915,0.0,1727764929.632915,1727764929.632915,0.0,0.0,0.0,0.0
53,1.0,1,0,97,0,97,97,97.0,0.0,0,0,0,0,97.0,1.0,0.0,0.0,0.0,0.0,0.0,0.0,0.0,0.0,0.0,0,0,0,0,0,0,0,34,0,1.0,0.0,97,97,97.0,0.0,0.0,0,0,0,0,0,0,0,0,0.0,97.0,97.0,0,0,0,0,97,1727764929.633088,0.0,1727764929.633088,1727764929.633088,0.0,0.0,0.0,0.0
34802,1.0,1,0,115,0,115,115,115.0,0.0,0,0,0,0,115.0,1.0,0.0,0.0,0.0,0.0,0.0,0.0,0.0,0.0,0.0,0,0,0,0,0,0,0,34,0,1.0,0.0,115,115,115.0,0.0,0.0,0,0,0,0,0,0,0,0,0.0,115.0,115.0,0,0,0,0,115,1727764929.802401,0.0,1727764929.802401,1727764929.802401,0.0,0.0,0.0,0.0
48939,1.0,1,0,127,0,127,127,127.0,0.0,0,0,0,0,127.0,1.0,0.0,0.0,0.0,0.0,0.0,0.0,0.0,0.0,0.0,0,0,0,0,0,0,0,34,0,1.0,0.0,127,127,127.0,0.0,0.0,0,0,0,0,0,0,0,0,0.0,127.0,127.0,0,0,0,0,127,1727764929.802401,0.0,1727764929.802401,1727764929.802401,0.0,0.0,0.0,0.0
55731,1.0,1,0,123,0,123,123,123.0,0.0,0,0,0,0,123.0,1.0,0.0,0.0,0.0,0.0,0.0,0.0,0.0,0.0,0.0,0,0,0,0,0,0,0,34,0,1.0,0.0,123,123,123.0,0.0,0.0,0,0,0,0,0,0,0,0,0.0,123.0,123.0,0,0,0,0,123,1727764929.802477,0.0,1727764929.802477,1727764929.802477,0.0,0.0,0.0,0.0
33831,1.0,1,0,135,0,135,135,135.0,0.0,0,0,0,0,135.0,1.0,0.0,0.0,0.0,0.0,0.0,0.0,0.0,0.0,0.0,0,0,0,0,0,0,0,34,0,1.0,0.0,135,135,135.0,0.0,0.0,0,0,0,0,0,0,0,0,0.0,135.0,135.0,0,0,0,0,135,1727764929.802477,0.0,1727764929.802477,1727764929.802477,0.0,0.0,0.0,0.0
35548,1.0,1,0,113,0,113,113,113.0,0.0,0,0,0,0,113.0,1.0,0.0,0.0,0.0,0.0,0.0,0.0,0.0,0.0,0.0,0,0,0,0,0,0,0,34,0,1.0,0.0,113,113,113.0,0.0,0.0,0,0,0,0,0,0,0,0,0.0,113.0,113.0,0,0,0,0,113,1727764929.803883,0.0,1727764929.803883,1727764929.803883,0.0,0.0,0.0,0.0
47812,1.0,1,0,125,0,125,125,125.0,0.0,0,0,0,0,125.0,1.0,0.0,0.0,0.0,0.0,0.0,0.0,0.0,0.0,0.0,0,0,0,0,0,0,0,34,0,1.0,0.0,125,125,125.0,0.0,0.0,0,0,0,0,0,0,0,0,0.0,125.0,125.0,0,0,0,0,125,1727764929.803883,0.0,1727764929.803883,1727764929.803883,0.0,0.0,0.0,0.0
53,1.0,1,0,99,0,99,99,99.0,0.0,0,0,0,0,99.0,1.0,0.0,0.0,0.0,0.0,0.0,0.0,0.0,0.0,0.0,0,0,0,0,0,0,0,34,0,1.0,0.0,99,99,99.0,0.0,0.0,0,0,0,0,0,0,0,0,0.0,99.0,99.0,0,0,0,0,99,1727764929.805967,0.0,1727764929.805967,1727764929.805967,0.0,0.0,0.0,0.0
53,1.0,1,0,88,0,88,88,88.0,0.0,0,0,0,0,88.0,1.0,0.0,0.0,0.0,0.0,0.0,0.0,0.0,0.0,0.0,0,0,0,0,0,0,0,34,0,1.0,0.0,88,88,88.0,0.0,0.0,0,0,0,0,0,0,0,0,0.0,88.0,88.0,0,0,0,0,88,1727764929.806969,0.0,1727764929.806969,1727764929.806969,0.0,0.0,0.0,0.0
53,1.0,1,0,97,0,97,97,97.0,0.0,0,0,0,0,97.0,1.0,0.0,0.0,0.0,0.0,0.0,0.0,0.0,0.0,0.0,0,0,0,0,0,0,0,34,0,1.0,0.0,97,97,97.0,0.0,0.0,0,0,0,0,0,0,0,0,0.0,97.0,97.0,0,0,0,0,97,1727764929.808344,0.0,1727764929.808344,1727764929.808344,0.0,0.0,0.0,0.0
60120,1.0,1,0,149,0,149,149,149.0,0.0,0,0,0,0,149.0,1.0,0.0,0.0,0.0,0.0,0.0,0.0,0.0,0.0,0.0,0,0,0,0,0,0,0,34,0,1.0,0.0,149,149,149.0,0.0,0.0,0,0,0,0,0,0,0,0,0.0,149.0,149.0,0,0,0,0,149,1727764929.839087,0.0,1727764929.839087,1727764929.839087,0.0,0.0,0.0,0.0
43778,1.0,1,0,138,0,138,138,138.0,0.0,0,0,0,0,138.0,1.0,0.0,0.0,0.0,0.0,0.0,0.0,0.0,0.0,0.0,0,0,0,0,0,0,0,34,0,1.0,0.0,138,138,138.0,0.0,0.0,0,0,0,0,0,0,0,0,0.0,138.0,138.0,0,0,0,0,138,1727764929.83952,0.0,1727764929.83952,1727764929.83952,0.0,0.0,0.0,0.0
36263,1.0,1,0,147,0,147,147,147.0,0.0,0,0,0,0,147.0,1.0,0.0,0.0,0.0,0.0,0.0,0.0,0.0,0.0,0.0,0,0,0,0,0,0,0,34,0,1.0,0.0,147,147,147.0,0.0,0.0,0,0,0,0,0,0,0,0,0.0,147.0,147.0,0,0,0,0,147,1727764929.840262,0.0,1727764929.840262,1727764929.840262,0.0,0.0,0.0,0.0
53,1.0,1,0,107,0,107,107,107.0,0.0,0,0,0,0,107.0,1.0,0.0,0.0,0.0,0.0,0.0,0.0,0.0,0.0,0.0,0,0,0,0,0,0,0,34,0,1.0,0.0,107,107,107.0,0.0,0.0,0,0,0,0,0,0,0,0,0.0,107.0,107.0,0,0,0,0,107,1727764929.965036,0.0,1727764929.965036,1727764929.965036,0.0,0.0,0.0,0.0
39572,1.0,1,0,164,0,164,164,164.0,0.0,0,0,0,0,164.0,1.0,0.0,0.0,0.0,0.0,0.0,0.0,0.0,0.0,0.0,0,0,0,0,0,0,0,34,0,1.0,0.0,164,164,164.0,0.0,0.0,0,0,0,0,0,0,0,0,0.0,164.0,164.0,0,0,0,0,164,1727764929.970932,0.0,1727764929.970932,1727764929.970932,0.0,0.0,0.0,0.0
53,1.0,1,0,90,0,90,90,90.0,0.0,0,0,0,0,90.0,1.0,0.0,0.0,0.0,0.0,0.0,0.0,0.0,0.0,0.0,0,0,0,0,0,0,0,34,0,1.0,0.0,90,90,90.0,0.0,0.0,0,0,0,0,0,0,0,0,0.0,90.0,90.0,0,0,0,0,90,1727764930.817463,0.0,1727764930.817463,1727764930.817463,0.0,0.0,0.0,0.0
53,1.0,1,0,90,0,90,90,90.0,0.0,0,0,0,0,90.0,1.0,0.0,0.0,0.0,0.0,0.0,0.0,0.0,0.0,0.0,0,0,0,0,0,0,0,34,0,1.0,0.0,90,90,90.0,0.0,0.0,0,0,0,0,0,0,0,0,0.0,90.0,90.0,0,0,0,0,90,1727764930.817654,0.0,1727764930.817654,1727764930.817654,0.0,0.0,0.0,0.0
55039,1.0,1,0,106,0,106,106,106.0,0.0,0,0,0,0,106.0,1.0,0.0,0.0,0.0,0.0,0.0,0.0,0.0,0.0,0.0,0,0,0,0,0,0,0,34,0,1.0,0.0,106,106,106.0,0.0,0.0,0,0,0,0,0,0,0,0,0.0,106.0,106.0,0,0,0,0,106,1727764930.823162,0.0,1727764930.823162,1727764930.823162,0.0,0.0,0.0,0.0
41036,1.0,1,0,118,0,118,118,118.0,0.0,0,0,0,0,118.0,1.0,0.0,0.0,0.0,0.0,0.0,0.0,0.0,0.0,0.0,0,0,0,0,0,0,0,34,0,1.0,0.0,118,118,118.0,0.0,0.0,0,0,0,0,0,0,0,0,0.0,118.0,118.0,0,0,0,0,118,1727764930.840585,0.0,1727764930.840585,1727764930.840585,0.0,0.0,0.0,0.0
53,1.0,1,0,90,0,90,90,90.0,0.0,0,0,0,0,90.0,1.0,0.0,0.0,0.0,0.0,0.0,0.0,0.0,0.0,0.0,0,0,0,0,0,0,0,34,0,1.0,0.0,90,90,90.0,0.0,0.0,0,0,0,0,0,0,0,0,0.0,90.0,90.0,0,0,0,0,90,1727764930.865468,0.0,1727764930.865468,1727764930.865468,0.0,0.0,0.0,0.0
54715,1.0,1,0,140,0,140,140,140.0,0.0,0,0,0,0,140.0,1.0,0.0,0.0,0.0,0.0,0.0,0.0,0.0,0.0,0.0,0,0,0,0,0,0,0,34,0,1.0,0.0,140,140,140.0,0.0,0.0,0,0,0,0,0,0,0,0,0.0,140.0,140.0,0,0,0,0,140,1727764930.887788,0.0,1727764930.887788,1727764930.887788,0.0,0.0,0.0,0.0
53,1.0,1,0,95,0,95,95,95.0,0.0,0,0,0,0,95.0,1.0,0.0,0.0,0.0,0.0,0.0,0.0,0.0,0.0,0.0,0,0,0,0,0,0,0,34,0,1.0,0.0,95,95,95.0,0.0,0.0,0,0,0,0,0,0,0,0,0.0,95.0,95.0,0,0,0,0,95,1727764933.616336,0.0,1727764933.616336,1727764933.616336,0.0,0.0,0.0,0.0
53,1.0,1,0,95,0,95,95,95.0,0.0,0,0,0,0,95.0,1.0,0.0,0.0,0.0,0.0,0.0,0.0,0.0,0.0,0.0,0,0,0,0,0,0,0,34,0,1.0,0.0,95,95,95.0,0.0,0.0,0,0,0,0,0,0,0,0,0.0,95.0,95.0,0,0,0,0,95,1727764933.616544,0.0,1727764933.616544,1727764933.616544,0.0,0.0,0.0,0.0
53,1.0,1,0,95,0,95,95,95.0,0.0,0,0,0,0,95.0,1.0,0.0,0.0,0.0,0.0,0.0,0.0,0.0,0.0,0.0,0,0,0,0,0,0,0,34,0,1.0,0.0,95,95,95.0,0.0,0.0,0,0,0,0,0,0,0,0,0.0,95.0,95.0,0,0,0,0,95,1727764933.616701,0.0,1727764933.616701,1727764933.616701,0.0,0.0,0.0,0.0
60938,1.0,1,0,158,0,158,158,158.0,0.0,0,0,0,0,158.0,1.0,0.0,0.0,0.0,0.0,0.0,0.0,0.0,0.0,0.0,0,0,0,0,0,0,0,34,0,1.0,0.0,158,158,158.0,0.0,0.0,0,0,0,0,0,0,0,0,0.0,158.0,158.0,0,0,0,0,158,1727764933.622504,0.0,1727764933.622504,1727764933.622504,0.0,0.0,0.0,0.0
54098,1.0,1,0,246,0,246,246,246.0,0.0,0,0,0,0,246.0,1.0,0.0,0.0,0.0,0.0,0.0,0.0,0.0,0.0,0.0,0,0,0,0,0,0,0,34,0,1.0,0.0,246,246,246.0,0.0,0.0,0,0,0,0,0,0,0,0,0.0,246.0,246.0,0,0,0,0,246,1727764933.623003,0.0,1727764933.623003,1727764933.623003,0.0,0.0,0.0,0.0
53,1.0,1,0,104,0,104,104,104.0,0.0,0,0,0,0,104.0,1.0,0.0,0.0,0.0,0.0,0.0,0.0,0.0,0.0,0.0,0,0,0,0,0,0,0,34,0,1.0,0.0,104,104,104.0,0.0,0.0,0,0,0,0,0,0,0,0,0.0,104.0,104.0,0,0,0,0,104,1727764933.623383,0.0,1727764933.623383,1727764933.623383,0.0,0.0,0.0,0.0
51929,1.0,1,0,246,0,246,246,246.0,0.0,0,0,0,0,246.0,1.0,0.0,0.0,0.0,0.0,0.0,0.0,0.0,0.0,0.0,0,0,0,0,0,0,0,34,0,1.0,0.0,246,246,246.0,0.0,0.0,0,0,0,0,0,0,0,0,0.0,246.0,246.0,0,0,0,0,246,1727764933.627972,0.0,1727764933.627972,1727764933.627972,0.0,0.0,0.0,0.0
53,1.0,1,0,104,0,104,104,104.0,0.0,0,0,0,0,104.0,1.0,0.0,0.0,0.0,0.0,0.0,0.0,0.0,0.0,0.0,0,0,0,0,0,0,0,34,0,1.0,0.0,104,104,104.0,0.0,0.0,0,0,0,0,0,0,0,0,0.0,104.0,104.0,0,0,0,0,104,1727764933.628343,0.0,1727764933.628343,1727764933.628343,0.0,0.0,0.0,0.0
53,1.0,1,0,85,0,85,85,85.0,0.0,0,0,0,0,85.0,1.0,0.0,0.0,0.0,0.0,0.0,0.0,0.0,0.0,0.0,0,0,0,0,0,0,0,34,0,1.0,0.0,85,85,85.0,0.0,0.0,0,0,0,0,0,0,0,0,0.0,85.0,85.0,0,0,0,0,85,1727764933.628468,0.0,1727764933.628468,1727764933.628468,0.0,0.0,0.0,0.0
53,1.0,1,0,85,0,85,85,85.0,0.0,0,0,0,0,85.0,1.0,0.0,0.0,0.0,0.0,0.0,0.0,0.0,0.0,0.0,0,0,0,0,0,0,0,34,0,1.0,0.0,85,85,85.0,0.0,0.0,0,0,0,0,0,0,0,0,0.0,85.0,85.0,0,0,0,0,85,1727764933.628558,0.0,1727764933.628558,1727764933.628558,0.0,0.0,0.0,0.0
33624,1.0,1,0,188,0,188,188,188.0,0.0,0,0,0,0,188.0,1.0,0.0,0.0,0.0,0.0,0.0,0.0,0.0,0.0,0.0,0,0,0,0,0,0,0,34,0,1.0,0.0,188,188,188.0,0.0,0.0,0,0,0,0,0,0,0,0,0.0,188.0,188.0,0,0,0,0,188,1727764933.637912,0.0,1727764933.637912,1727764933.637912,0.0,0.0,0.0,0.0
33141,1.0,1,0,104,0,104,104,104.0,0.0,0,0,0,0,104.0,1.0,0.0,0.0,0.0,0.0,0.0,0.0,0.0,0.0,0.0,0,0,0,0,0,0,0,34,0,1.0,0.0,104,104,104.0,0.0,0.0,0,0,0,0,0,0,0,0,0.0,104.0,104.0,0,0,0,0,104,1727764933.642115,0.0,1727764933.642115,1727764933.642115,0.0,0.0,0.0,0.0
33569,1.0,1,0,122,0,122,122,122.0,0.0,0,0,0,0,122.0,1.0,0.0,0.0,0.0,0.0,0.0,0.0,0.0,0.0,0.0,0,0,0,0,0,0,0,34,0,1.0,0.0,122,122,122.0,0.0,0.0,0,0,0,0,0,0,0,0,0.0,122.0,122.0,0,0,0,0,122,1727764933.651502,0.0,1727764933.651502,1727764933.651502,0.0,0.0,0.0,0.0
38438,1.0,1,0,134,0,134,134,134.0,0.0,0,0,0,0,134.0,1.0,0.0,0.0,0.0,0.0,0.0,0.0,0.0,0.0,0.0,0,0,0,0,0,0,0,34,0,1.0,0.0,134,134,134.0,0.0,0.0,0,0,0,0,0,0,0,0,0.0,134.0,134.0,0,0,0,0,134,1727764933.651956,0.0,1727764933.651956,1727764933.651956,0.0,0.0,0.0,0.0
53,1.0,1,0,88,0,88,88,88.0,0.0,0,0,0,0,88.0,1.0,0.0,0.0,0.0,0.0,0.0,0.0,0.0,0.0,0.0,0,0,0,0,0,0,0,34,0,1.0,0.0,88,88,88.0,0.0,0.0,0,0,0,0,0,0,0,0,0.0,88.0,88.0,0,0,0,0,88,1727764933.671952,0.0,1727764933.671952,1727764933.671952,0.0,0.0,0.0,0.0
50796,1.0,1,0,138,0,138,138,138.0,0.0,0,0,0,0,138.0,1.0,0.0,0.0,0.0,0.0,0.0,0.0,0.0,0.0,0.0,0,0,0,0,0,0,0,34,0,1.0,0.0,138,138,138.0,0.0,0.0,0,0,0,0,0,0,0,0,0.0,138.0,138.0,0,0,0,0,138,1727764933.677096,0.0,1727764933.677096,1727764933.677096,0.0,0.0,0.0,0.0
53,1.0,1,0,107,0,107,107,107.0,0.0,0,0,0,0,107.0,1.0,0.0,0.0,0.0,0.0,0.0,0.0,0.0,0.0,0.0,0,0,0,0,0,0,0,34,0,1.0,0.0,107,107,107.0,0.0,0.0,0,0,0,0,0,0,0,0,0.0,107.0,107.0,0,0,0,0,107,1727764933.862359,0.0,1727764933.862359,1727764933.862359,0.0,0.0,0.0,0.0
53,1.0,1,0,107,0,107,107,107.0,0.0,0,0,0,0,107.0,1.0,0.0,0.0,0.0,0.0,0.0,0.0,0.0,0.0,0.0,0,0,0,0,0,0,0,34,0,1.0,0.0,107,107,107.0,0.0,0.0,0,0,0,0,0,0,0,0,0.0,107.0,107.0,0,0,0,0,107,1727764933.862559,0.0,1727764933.862559,1727764933.862559,0.0,0.0,0.0,0.0
53,1.0,1,0,107,0,107,107,107.0,0.0,0,0,0,0,107.0,1.0,0.0,0.0,0.0,0.0,0.0,0.0,0.0,0.0,0.0,0,0,0,0,0,0,0,34,0,1.0,0.0,107,107,107.0,0.0,0.0,0,0,0,0,0,0,0,0,0.0,107.0,107.0,0,0,0,0,107,1727764933.86272,0.0,1727764933.86272,1727764933.86272,0.0,0.0,0.0,0.0
45386,1.0,1,0,300,0,300,300,300.0,0.0,0,0,0,0,300.0,1.0,0.0,0.0,0.0,0.0,0.0,0.0,0.0,0.0,0.0,0,0,0,0,0,0,0,34,0,1.0,0.0,300,300,300.0,0.0,0.0,0,0,0,0,0,0,0,0,0.0,300.0,300.0,0,0,0,0,300,1727764933.869727,0.0,1727764933.869727,1727764933.869727,0.0,0.0,0.0,0.0
46318,1.0,1,0,190,0,190,190,190.0,0.0,0,0,0,0,190.0,1.0,0.0,0.0,0.0,0.0,0.0,0.0,0.0,0.0,0.0,0,0,0,0,0,0,0,34,0,1.0,0.0,190,190,190.0,0.0,0.0,0,0,0,0,0,0,0,0,0.0,190.0,190.0,0,0,0,0,190,1727764933.870008,0.0,1727764933.870008,1727764933.870008,0.0,0.0,0.0,0.0
37741,1.0,1,0,300,0,300,300,300.0,0.0,0,0,0,0,300.0,1.0,0.0,0.0,0.0,0.0,0.0,0.0,0.0,0.0,0.0,0,0,0,0,0,0,0,34,0,1.0,0.0,300,300,300.0,0.0,0.0,0,0,0,0,0,0,0,0,0.0,300.0,300.0,0,0,0,0,300,1727764933.87024,0.0,1727764933.87024,1727764933.87024,0.0,0.0,0.0,0.0
53,1.0,1,0,124,0,124,124,124.0,0.0,0,0,0,0,124.0,1.0,0.0,0.0,0.0,0.0,0.0,0.0,0.0,0.0,0.0,0,0,0,0,0,0,0,34,0,1.0,0.0,124,124,124.0,0.0,0.0,0,0,0,0,0,0,0,0,0.0,124.0,124.0,0,0,0,0,124,1727764933.870365,0.0,1727764933.870365,1727764933.870365,0.0,0.0,0.0,0.0
53,1.0,1,0,124,0,124,124,124.0,0.0,0,0,0,0,124.0,1.0,0.0,0.0,0.0,0.0,0.0,0.0,0.0,0.0,0.0,0,0,0,0,0,0,0,34,0,1.0,0.0,124,124,124.0,0.0,0.0,0,0,0,0,0,0,0,0,0.0,124.0,124.0,0,0,0,0,124,1727764933.870904,0.0,1727764933.870904,1727764933.870904,0.0,0.0,0.0,0.0
33685,1.0,1,0,124,0,124,124,124.0,0.0,0,0,0,0,124.0,1.0,0.0,0.0,0.0,0.0,0.0,0.0,0.0,0.0,0.0,0,0,0,0,0,0,0,34,0,1.0,0.0,124,124,124.0,0.0,0.0,0,0,0,0,0,0,0,0,0.0,124.0,124.0,0,0,0,0,124,1727764933.873117,0.0,1727764933.873117,1727764933.873117,0.0,0.0,0.0,0.0
44766,1.0,1,0,217,0,217,217,217.0,0.0,0,0,0,0,217.0,1.0,0.0,0.0,0.0,0.0,0.0,0.0,0.0,0.0,0.0,0,0,0,0,0,0,0,34,0,1.0,0.0,217,217,217.0,0.0,0.0,0,0,0,0,0,0,0,0,0.0,217.0,217.0,0,0,0,0,217,1727764933.8756,0.0,1727764933.8756,1727764933.8756,0.0,0.0,0.0,0.0
53,1.0,1,0,86,0,86,86,86.0,0.0,0,0,0,0,86.0,1.0,0.0,0.0,0.0,0.0,0.0,0.0,0.0,0.0,0.0,0,0,0,0,0,0,0,34,0,1.0,0.0,86,86,86.0,0.0,0.0,0,0,0,0,0,0,0,0,0.0,86.0,86.0,0,0,0,0,86,1727764933.959548,0.0,1727764933.959548,1727764933.959548,0.0,0.0,0.0,0.0
53,1.0,1,0,86,0,86,86,86.0,0.0,0,0,0,0,86.0,1.0,0.0,0.0,0.0,0.0,0.0,0.0,0.0,0.0,0.0,0,0,0,0,0,0,0,34,0,1.0,0.0,86,86,86.0,0.0,0.0,0,0,0,0,0,0,0,0,0.0,86.0,86.0,0,0,0,0,86,1727764933.982595,0.0,1727764933.982595,1727764933.982595,0.0,0.0,0.0,0.0
53,1.0,1,0,86,0,86,86,86.0,0.0,0,0,0,0,86.0,1.0,0.0,0.0,0.0,0.0,0.0,0.0,0.0,0.0,0.0,0,0,0,0,0,0,0,34,0,1.0,0.0,86,86,86.0,0.0,0.0,0,0,0,0,0,0,0,0,0.0,86.0,86.0,0,0,0,0,86,1727764933.982757,0.0,1727764933.982757,1727764933.982757,0.0,0.0,0.0,0.0
36862,1.0,1,0,143,0,143,143,143.0,0.0,0,0,0,0,143.0,1.0,0.0,0.0,0.0,0.0,0.0,0.0,0.0,0.0,0.0,0,0,0,0,0,0,0,34,0,1.0,0.0,143,143,143.0,0.0,0.0,0,0,0,0,0,0,0,0,0.0,143.0,143.0,0,0,0,0,143,1727764933.984405,0.0,1727764933.984405,1727764933.984405,0.0,0.0,0.0,0.0
53,1.0,1,0,88,0,88,88,88.0,0.0,0,0,0,0,88.0,1.0,0.0,0.0,0.0,0.0,0.0,0.0,0.0,0.0,0.0,0,0,0,0,0,0,0,34,0,1.0,0.0,88,88,88.0,0.0,0.0,0,0,0,0,0,0,0,0,0.0,88.0,88.0,0,0,0,0,88,1727764933.990934,0.0,1727764933.990934,1727764933.990934,0.0,0.0,0.0,0.0
53,1.0,1,0,88,0,88,88,88.0,0.0,0,0,0,0,88.0,1.0,0.0,0.0,0.0,0.0,0.0,0.0,0.0,0.0,0.0,0,0,0,0,0,0,0,34,0,1.0,0.0,88,88,88.0,0.0,0.0,0,0,0,0,0,0,0,0,0.0,88.0,88.0,0,0,0,0,88,1727764933.99106,0.0,1727764933.99106,1727764933.99106,0.0,0.0,0.0,0.0
46308,1.0,1,0,102,0,102,102,102.0,0.0,0,0,0,0,102.0,1.0,0.0,0.0,0.0,0.0,0.0,0.0,0.0,0.0,0.0,0,0,0,0,0,0,0,34,0,1.0,0.0,102,102,102.0,0.0,0.0,0,0,0,0,0,0,0,0,0.0,102.0,102.0,0,0,0,0,102,1727764933.99189,0.0,1727764933.99189,1727764933.99189,0.0,0.0,0.0,0.0
43345,1.0,1,0,114,0,114,114,114.0,0.0,0,0,0,0,114.0,1.0,0.0,0.0,0.0,0.0,0.0,0.0,0.0,0.0,0.0,0,0,0,0,0,0,0,34,0,1.0,0.0,114,114,114.0,0.0,0.0,0,0,0,0,0,0,0,0,0.0,114.0,114.0,0,0,0,0,114,1727764933.992179,0.0,1727764933.992179,1727764933.992179,0.0,0.0,0.0,0.0
53541,1.0,1,0,104,0,104,104,104.0,0.0,0,0,0,0,104.0,1.0,0.0,0.0,0.0,0.0,0.0,0.0,0.0,0.0,0.0,0,0,0,0,0,0,0,34,0,1.0,0.0,104,104,104.0,0.0,0.0,0,0,0,0,0,0,0,0,0.0,104.0,104.0,0,0,0,0,104,1727764933.998465,0.0,1727764933.998465,1727764933.998465,0.0,0.0,0.0,0.0
54726,1.0,1,0,116,0,116,116,116.0,0.0,0,0,0,0,116.0,1.0,0.0,0.0,0.0,0.0,0.0,0.0,0.0,0.0,0.0,0,0,0,0,0,0,0,34,0,1.0,0.0,116,116,116.0,0.0,0.0,0,0,0,0,0,0,0,0,0.0,116.0,116.0,0,0,0,0,116,1727764933.999164,0.0,1727764933.999164,1727764933.999164,0.0,0.0,0.0,0.0
53,1.0,1,0,97,0,97,97,97.0,0.0,0,0,0,0,97.0,1.0,0.0,0.0,0.0,0.0,0.0,0.0,0.0,0.0,0.0,0,0,0,0,0,0,0,34,0,1.0,0.0,97,97,97.0,0.0,0.0,0,0,0,0,0,0,0,0,0.0,97.0,97.0,0,0,0,0,97,1727764935.614289,0.0,1727764935.614289,1727764935.614289,0.0,0.0,0.0,0.0
53,1.0,1,0,97,0,97,97,97.0,0.0,0,0,0,0,97.0,1.0,0.0,0.0,0.0,0.0,0.0,0.0,0.0,0.0,0.0,0,0,0,0,0,0,0,34,0,1.0,0.0,97,97,97.0,0.0,0.0,0,0,0,0,0,0,0,0,0.0,97.0,97.0,0,0,0,0,97,1727764935.61454,0.0,1727764935.61454,1727764935.61454,0.0,0.0,0.0,0.0
53,1.0,1,0,96,0,96,96,96.0,0.0,0,0,0,0,96.0,1.0,0.0,0.0,0.0,0.0,0.0,0.0,0.0,0.0,0.0,0,0,0,0,0,0,0,34,0,1.0,0.0,96,96,96.0,0.0,0.0,0,0,0,0,0,0,0,0,0.0,96.0,96.0,0,0,0,0,96,1727764935.614661,0.0,1727764935.614661,1727764935.614661,0.0,0.0,0.0,0.0
53,1.0,1,0,96,0,96,96,96.0,0.0,0,0,0,0,96.0,1.0,0.0,0.0,0.0,0.0,0.0,0.0,0.0,0.0,0.0,0,0,0,0,0,0,0,34,0,1.0,0.0,96,96,96.0,0.0,0.0,0,0,0,0,0,0,0,0,0.0,96.0,96.0,0,0,0,0,96,1727764935.614748,0.0,1727764935.614748,1727764935.614748,0.0,0.0,0.0,0.0
59837,1.0,1,0,113,0,113,113,113.0,0.0,0,0,0,0,113.0,1.0,0.0,0.0,0.0,0.0,0.0,0.0,0.0,0.0,0.0,0,0,0,0,0,0,0,34,0,1.0,0.0,113,113,113.0,0.0,0.0,0,0,0,0,0,0,0,0,0.0,113.0,113.0,0,0,0,0,113,1727764935.631217,0.0,1727764935.631217,1727764935.631217,0.0,0.0,0.0,0.0
40680,1.0,1,0,125,0,125,125,125.0,0.0,0,0,0,0,125.0,1.0,0.0,0.0,0.0,0.0,0.0,0.0,0.0,0.0,0.0,0,0,0,0,0,0,0,34,0,1.0,0.0,125,125,125.0,0.0,0.0,0,0,0,0,0,0,0,0,0.0,125.0,125.0,0,0,0,0,125,1727764935.631468,0.0,1727764935.631468,1727764935.631468,0.0,0.0,0.0,0.0
40498,1.0,1,0,141,0,141,141,141.0,0.0,0,0,0,0,141.0,1.0,0.0,0.0,0.0,0.0,0.0,0.0,0.0,0.0,0.0,0,0,0,0,0,0,0,34,0,1.0,0.0,141,141,141.0,0.0,0.0,0,0,0,0,0,0,0,0,0.0,141.0,141.0,0,0,0,0,141,1727764935.631864,0.0,1727764935.631864,1727764935.631864,0.0,0.0,0.0,0.0
53,1.0,1,0,97,0,97,97,97.0,0.0,0,0,0,0,97.0,1.0,0.0,0.0,0.0,0.0,0.0,0.0,0.0,0.0,0.0,0,0,0,0,0,0,0,34,0,1.0,0.0,97,97,97.0,0.0,0.0,0,0,0,0,0,0,0,0,0.0,97.0,97.0,0,0,0,0,97,1727764935.633828,0.0,1727764935.633828,1727764935.633828,0.0,0.0,0.0,0.0
34982,1.0,1,0,154,0,154,154,154.0,0.0,0,0,0,0,154.0,1.0,0.0,0.0,0.0,0.0,0.0,0.0,0.0,0.0,0.0,0,0,0,0,0,0,0,34,0,1.0,0.0,154,154,154.0,0.0,0.0,0,0,0,0,0,0,0,0,0.0,154.0,154.0,0,0,0,0,154,1727764935.63931,0.0,1727764935.63931,1727764935.63931,0.0,0.0,0.0,0.0
53,1.0,1,0,82,0,82,82,82.0,0.0,0,0,0,0,82.0,1.0,0.0,0.0,0.0,0.0,0.0,0.0,0.0,0.0,0.0,0,0,0,0,0,0,0,34,0,1.0,0.0,82,82,82.0,0.0,0.0,0,0,0,0,0,0,0,0,0.0,82.0,82.0,0,0,0,0,82,1727764940.899683,0.0,1727764940.899683,1727764940.899683,0.0,0.0,0.0,0.0
53,1.0,1,0,82,0,82,82,82.0,0.0,0,0,0,0,82.0,1.0,0.0,0.0,0.0,0.0,0.0,0.0,0.0,0.0,0.0,0,0,0,0,0,0,0,34,0,1.0,0.0,82,82,82.0,0.0,0.0,0,0,0,0,0,0,0,0,0.0,82.0,82.0,0,0,0,0,82,1727764940.899892,0.0,1727764940.899892,1727764940.899892,0.0,0.0,0.0,0.0
48987,1.0,1,0,338,0,338,338,338.0,0.0,0,0,0,0,338.0,1.0,0.0,0.0,0.0,0.0,0.0,0.0,0.0,0.0,0.0,0,0,0,0,0,0,0,34,0,1.0,0.0,338,338,338.0,0.0,0.0,0,0,0,0,0,0,0,0,0.0,338.0,338.0,0,0,0,0,338,1727764940.906269,0.0,1727764940.906269,1727764940.906269,0.0,0.0,0.0,0.0
58959,1.0,1,0,194,0,194,194,194.0,0.0,0,0,0,0,194.0,1.0,0.0,0.0,0.0,0.0,0.0,0.0,0.0,0.0,0.0,0,0,0,0,0,0,0,34,0,1.0,0.0,194,194,194.0,0.0,0.0,0,0,0,0,0,0,0,0,0.0,194.0,194.0,0,0,0,0,194,1727764940.910455,0.0,1727764940.910455,1727764940.910455,0.0,0.0,0.0,0.0
53,1.0,1,0,82,0,82,82,82.0,0.0,0,0,0,0,82.0,1.0,0.0,0.0,0.0,0.0,0.0,0.0,0.0,0.0,0.0,0,0,0,0,0,0,0,34,0,1.0,0.0,82,82,82.0,0.0,0.0,0,0,0,0,0,0,0,0,0.0,82.0,82.0,0,0,0,0,82,1727764940.916417,0.0,1727764940.916417,1727764940.916417,0.0,0.0,0.0,0.0
46811,1.0,1,0,139,0,139,139,139.0,0.0,0,0,0,0,139.0,1.0,0.0,0.0,0.0,0.0,0.0,0.0,0.0,0.0,0.0,0,0,0,0,0,0,0,34,0,1.0,0.0,139,139,139.0,0.0,0.0,0,0,0,0,0,0,0,0,0.0,139.0,139.0,0,0,0,0,139,1727764940.921302,0.0,1727764940.921302,1727764940.921302,0.0,0.0,0.0,0.0
53,1.0,1,0,86,0,86,86,86.0,0.0,0,0,0,0,86.0,1.0,0.0,0.0,0.0,0.0,0.0,0.0,0.0,0.0,0.0,0,0,0,0,0,0,0,34,0,1.0,0.0,86,86,86.0,0.0,0.0,0,0,0,0,0,0,0,0,0.0,86.0,86.0,0,0,0,0,86,1727764942.22616,0.0,1727764942.22616,1727764942.22616,0.0,0.0,0.0,0.0
53,1.0,1,0,86,0,86,86,86.0,0.0,0,0,0,0,86.0,1.0,0.0,0.0,0.0,0.0,0.0,0.0,0.0,0.0,0.0,0,0,0,0,0,0,0,34,0,1.0,0.0,86,86,86.0,0.0,0.0,0,0,0,0,0,0,0,0,0.0,86.0,86.0,0,0,0,0,86,1727764942.226275,0.0,1727764942.226275,1727764942.226275,0.0,0.0,0.0,0.0
43979,1.0,1,0,232,0,232,232,232.0,0.0,0,0,0,0,232.0,1.0,0.0,0.0,0.0,0.0,0.0,0.0,0.0,0.0,0.0,0,0,0,0,0,0,0,34,0,1.0,0.0,232,232,232.0,0.0,0.0,0,0,0,0,0,0,0,0,0.0,232.0,232.0,0,0,0,0,232,1727764942.235372,0.0,1727764942.235372,1727764942.235372,0.0,0.0,0.0,0.0
39779,1.0,1,0,376,0,376,376,376.0,0.0,0,0,0,0,376.0,1.0,0.0,0.0,0.0,0.0,0.0,0.0,0.0,0.0,0.0,0,0,0,0,0,0,0,34,0,1.0,0.0,376,376,376.0,0.0,0.0,0,0,0,0,0,0,0,0,0.0,376.0,376.0,0,0,0,0,376,1727764942.2362,0.0,1727764942.2362,1727764942.2362,0.0,0.0,0.0,0.0
53,1.0,1,0,88,0,88,88,88.0,0.0,0,0,0,0,88.0,1.0,0.0,0.0,0.0,0.0,0.0,0.0,0.0,0.0,0.0,0,0,0,0,0,0,0,34,0,1.0,0.0,88,88,88.0,0.0,0.0,0,0,0,0,0,0,0,0,0.0,88.0,88.0,0,0,0,0,88,1727764942.424474,0.0,1727764942.424474,1727764942.424474,0.0,0.0,0.0,0.0
53,1.0,1,0,88,0,88,88,88.0,0.0,0,0,0,0,88.0,1.0,0.0,0.0,0.0,0.0,0.0,0.0,0.0,0.0,0.0,0,0,0,0,0,0,0,34,0,1.0,0.0,88,88,88.0,0.0,0.0,0,0,0,0,0,0,0,0,0.0,88.0,88.0,0,0,0,0,88,1727764942.424573,0.0,1727764942.424573,1727764942.424573,0.0,0.0,0.0,0.0
51636,1.0,1,0,155,0,155,155,155.0,0.0,0,0,0,0,155.0,1.0,0.0,0.0,0.0,0.0,0.0,0.0,0.0,0.0,0.0,0,0,0,0,0,0,0,34,0,1.0,0.0,155,155,155.0,0.0,0.0,0,0,0,0,0,0,0,0,0.0,155.0,155.0,0,0,0,0,155,1727764942.432757,0.0,1727764942.432757,1727764942.432757,0.0,0.0,0.0,0.0
34381,1.0,1,0,143,0,143,143,143.0,0.0,0,0,0,0,143.0,1.0,0.0,0.0,0.0,0.0,0.0,0.0,0.0,0.0,0.0,0,0,0,0,0,0,0,34,0,1.0,0.0,143,143,143.0,0.0,0.0,0,0,0,0,0,0,0,0,0.0,143.0,143.0,0,0,0,0,143,1727764942.52857,0.0,1727764942.52857,1727764942.52857,0.0,0.0,0.0,0.0
53,1.0,1,0,96,0,96,96,96.0,0.0,0,0,0,0,96.0,1.0,0.0,0.0,0.0,0.0,0.0,0.0,0.0,0.0,0.0,0,0,0,0,0,0,0,34,0,1.0,0.0,96,96,96.0,0.0,0.0,0,0,0,0,0,0,0,0,0.0,96.0,96.0,0,0,0,0,96,1727764942.532291,0.0,1727764942.532291,1727764942.532291,0.0,0.0,0.0,0.0
55113,1.0,1,0,157,0,157,157,157.0,0.0,0,0,0,0,157.0,1.0,0.0,0.0,0.0,0.0,0.0,0.0,0.0,0.0,0.0,0,0,0,0,0,0,0,34,0,1.0,0.0,157,157,157.0,0.0,0.0,0,0,0,0,0,0,0,0,0.0,157.0,157.0,0,0,0,0,157,1727764942.647492,0.0,1727764942.647492,1727764942.647492,0.0,0.0,0.0,0.0
53,1.0,1,0,92,0,92,92,92.0,0.0,0,0,0,0,92.0,1.0,0.0,0.0,0.0,0.0,0.0,0.0,0.0,0.0,0.0,0,0,0,0,0,0,0,34,0,1.0,0.0,92,92,92.0,0.0,0.0,0,0,0,0,0,0,0,0,0.0,92.0,92.0,0,0,0,0,92,1727764944.557883,0.0,1727764944.557883,1727764944.557883,0.0,0.0,0.0,0.0
53,1.0,1,0,92,0,92,92,92.0,0.0,0,0,0,0,92.0,1.0,0.0,0.0,0.0,0.0,0.0,0.0,0.0,0.0,0.0,0,0,0,0,0,0,0,34,0,1.0,0.0,92,92,92.0,0.0,0.0,0,0,0,0,0,0,0,0,0.0,92.0,92.0,0,0,0,0,92,1727764944.558091,0.0,1727764944.558091,1727764944.558091,0.0,0.0,0.0,0.0
47309,1.0,1,0,348,0,348,348,348.0,0.0,0,0,0,0,348.0,1.0,0.0,0.0,0.0,0.0,0.0,0.0,0.0,0.0,0.0,0,0,0,0,0,0,0,34,0,1.0,0.0,348,348,348.0,0.0,0.0,0,0,0,0,0,0,0,0,0.0,348.0,348.0,0,0,0,0,348,1727764944.563545,0.0,1727764944.563545,1727764944.563545,0.0,0.0,0.0,0.0
35452,1.0,1,0,204,0,204,204,204.0,0.0,0,0,0,0,204.0,1.0,0.0,0.0,0.0,0.0,0.0,0.0,0.0,0.0,0.0,0,0,0,0,0,0,0,34,0,1.0,0.0,204,204,204.0,0.0,0.0,0,0,0,0,0,0,0,0,0.0,204.0,204.0,0,0,0,0,204,1727764944.564373,0.0,1727764944.564373,1727764944.564373,0.0,0.0,0.0,0.0
53,1.0,1,0,92,0,92,92,92.0,0.0,0,0,0,0,92.0,1.0,0.0,0.0,0.0,0.0,0.0,0.0,0.0,0.0,0.0,0,0,0,0,0,0,0,34,0,1.0,0.0,92,92,92.0,0.0,0.0,0,0,0,0,0,0,0,0,0.0,92.0,92.0,0,0,0,0,92,1727764944.566742,0.0,1727764944.566742,1727764944.566742,0.0,0.0,0.0,0.0
34862,1.0,1,0,149,0,149,149,149.0,0.0,0,0,0,0,149.0,1.0,0.0,0.0,0.0,0.0,0.0,0.0,0.0,0.0,0.0,0,0,0,0,0,0,0,34,0,1.0,0.0,149,149,149.0,0.0,0.0,0,0,0,0,0,0,0,0,0.0,149.0,149.0,0,0,0,0,149,1727764944.571466,0.0,1727764944.571466,1727764944.571466,0.0,0.0,0.0,0.0
1900,120.76943898200989,12,0,2094,0,175,174,174.5,0.5222329678670935,0,0,0,0,17.33882361010162,0.09936288601777432,10.979039907455444,23.852954578244443,59.23609399795532,0.25165891647338867,120.76943969726562,10.979039907455444,23.852954578244443,59.23609399795532,0.25165891647338867,0,0,0,0,0,0,0,408,0,0.09936288601777432,0.0,174,175,174.5,0.5222329678670935,0.2727272727272727,0,0,0,0,0,0,0,0,0.0,174.5,174.5,0,0,0,0,174,1727765006.245412,51.168682776755475,1727765066.632853,1727764945.863414,59.22401440143585,0.01708312922582961,59.23609399795532,59.21193480491638
53,1.0,1,0,84,0,84,84,84.0,0.0,0,0,0,0,84.0,1.0,0.0,0.0,0.0,0.0,0.0,0.0,0.0,0.0,0.0,0,0,0,0,0,0,0,34,0,1.0,0.0,84,84,84.0,0.0,0.0,0,0,0,0,0,0,0,0,0.0,84.0,84.0,0,0,0,0,84,1727764960.103544,0.0,1727764960.103544,1727764960.103544,0.0,0.0,0.0,0.0
33158,1.0,1,0,174,0,174,174,174.0,0.0,0,0,0,0,174.0,1.0,0.0,0.0,0.0,0.0,0.0,0.0,0.0,0.0,0.0,0,0,0,0,0,0,0,34,0,1.0,0.0,174,174,174.0,0.0,0.0,0,0,0,0,0,0,0,0,0.0,174.0,174.0,0,0,0,0,174,1727764960.108612,0.0,1727764960.108612,1727764960.108612,0.0,0.0,0.0,0.0
57621,81.09000086784363,4,0,328,0,82,82,82.0,0.0,0,0,0,0,4.044888352320501,0.049327906735615865,27.030000289281208,23.826172696022457,46.899507999420166,0.6153039932250977,81.0900011062622,27.030000289281208,23.826172696022457,46.899507999420166,0.6153039932250977,0,0,0,0,0,0,0,136,0,0.049327906735615865,0.0,82,82,82.0,0.0,0.0,0,0,0,0,0,0,0,0,0.0,82.0,82.0,0,0,0,0,82,1727765001.4817317,33.32850526654576,1727765045.357812,1727764964.267811,40.237348437309265,9.421716407430836,46.899507999420166,33.575188875198364
53,1.0,1,0,84,0,84,84,84.0,0.0,0,0,0,0,84.0,1.0,0.0,0.0,0.0,0.0,0.0,0.0,0.0,0.0,0.0,0,0,0,0,0,0,0,34,0,1.0,0.0,84,84,84.0,0.0,0.0,0,0,0,0,0,0,0,0,0.0,84.0,84.0,0,0,0,0,84,1727764964.366873,0.0,1727764964.366873,1727764964.366873,0.0,0.0,0.0,0.0
44075,1.0,1,0,141,0,141,141,141.0,0.0,0,0,0,0,141.0,1.0,0.0,0.0,0.0,0.0,0.0,0.0,0.0,0.0,0.0,0,0,0,0,0,0,0,34,0,1.0,0.0,141,141,141.0,0.0,0.0,0,0,0,0,0,0,0,0,0.0,141.0,141.0,0,0,0,0,141,1727764964.375746,0.0,1727764964.375746,1727764964.375746,0.0,0.0,0.0,0.0
53,1.0,1,0,107,0,107,107,107.0,0.0,0,0,0,0,107.0,1.0,0.0,0.0,0.0,0.0,0.0,0.0,0.0,0.0,0.0,0,0,0,0,0,0,0,34,0,1.0,0.0,107,107,107.0,0.0,0.0,0,0,0,0,0,0,0,0,0.0,107.0,107.0,0,0,0,0,107,1727764967.879715,0.0,1727764967.879715,1727764967.879715,0.0,0.0,0.0,0.0
36146,1.0,1,0,185,0,185,185,185.0,0.0,0,0,0,0,185.0,1.0,0.0,0.0,0.0,0.0,0.0,0.0,0.0,0.0,0.0,0,0,0,0,0,0,0,34,0,1.0,0.0,185,185,185.0,0.0,0.0,0,0,0,0,0,0,0,0,0.0,185.0,185.0,0,0,0,0,185,1727764968.066895,0.0,1727764968.066895,1727764968.066895,0.0,0.0,0.0,0.0
5353,41.80559015274048,2,0,169,0,87,82,84.5,3.5355339059327378,0,0,0,0,4.042521571458346,0.04784049196992125,41.80559015274048,0.0,41.80559015274048,41.80559015274048,41.80559015274048,41.80559015274048,0.0,41.80559015274048,41.80559015274048,0,0,0,0,0,0,0,68,0,0.04784049196992125,0.0,82,87,84.5,3.5355339059327378,12.500000000000002,0,0,0,0,0,0,0,0,0.0,84.5,84.5,0,0,0,0,82,1727765002.258678,29.56101628850835,1727765023.161473,1727764981.355883,41.80559015274048,0.0,41.80559015274048,41.80559015274048
53,1.0,1,0,97,0,97,97,97.0,0.0,0,0,0,0,97.0,1.0,0.0,0.0,0.0,0.0,0.0,0.0,0.0,0.0,0.0,0,0,0,0,0,0,0,34,0,1.0,0.0,97,97,97.0,0.0,0.0,0,0,0,0,0,0,0,0,0.0,97.0,97.0,0,0,0,0,97,1727764990.5464,0.0,1727764990.5464,1727764990.5464,0.0,0.0,0.0,0.0
53,1.0,1,0,97,0,97,97,97.0,0.0,0,0,0,0,97.0,1.0,0.0,0.0,0.0,0.0,0.0,0.0,0.0,0.0,0.0,0,0,0,0,0,0,0,34,0,1.0,0.0,97,97,97.0,0.0,0.0,0,0,0,0,0,0,0,0,0.0,97.0,97.0,0,0,0,0,97,1727764990.546592,0.0,1727764990.546592,1727764990.546592,0.0,0.0,0.0,0.0
53,1.0,1,0,97,0,97,97,97.0,0.0,0,0,0,0,97.0,1.0,0.0,0.0,0.0,0.0,0.0,0.0,0.0,0.0,0.0,0,0,0,0,0,0,0,34,0,1.0,0.0,97,97,97.0,0.0,0.0,0,0,0,0,0,0,0,0,0.0,97.0,97.0,0,0,0,0,97,1727764990.546783,0.0,1727764990.546783,1727764990.546783,0.0,0.0,0.0,0.0
53,1.0,1,0,97,0,97,97,97.0,0.0,0,0,0,0,97.0,1.0,0.0,0.0,0.0,0.0,0.0,0.0,0.0,0.0,0.0,0,0,0,0,0,0,0,34,0,1.0,0.0,97,97,97.0,0.0,0.0,0,0,0,0,0,0,0,0,0.0,97.0,97.0,0,0,0,0,97,1727764990.546945,0.0,1727764990.546945,1727764990.546945,0.0,0.0,0.0,0.0
48858,1.0,1,0,113,0,113,113,113.0,0.0,0,0,0,0,113.0,1.0,0.0,0.0,0.0,0.0,0.0,0.0,0.0,0.0,0.0,0,0,0,0,0,0,0,34,0,1.0,0.0,113,113,113.0,0.0,0.0,0,0,0,0,0,0,0,0,0.0,113.0,113.0,0,0,0,0,113,1727764990.555889,0.0,1727764990.555889,1727764990.555889,0.0,0.0,0.0,0.0
33703,1.0,1,0,113,0,113,113,113.0,0.0,0,0,0,0,113.0,1.0,0.0,0.0,0.0,0.0,0.0,0.0,0.0,0.0,0.0,0,0,0,0,0,0,0,34,0,1.0,0.0,113,113,113.0,0.0,0.0,0,0,0,0,0,0,0,0,0.0,113.0,113.0,0,0,0,0,113,1727764990.556212,0.0,1727764990.556212,1727764990.556212,0.0,0.0,0.0,0.0
49411,1.0,1,0,125,0,125,125,125.0,0.0,0,0,0,0,125.0,1.0,0.0,0.0,0.0,0.0,0.0,0.0,0.0,0.0,0.0,0,0,0,0,0,0,0,34,0,1.0,0.0,125,125,125.0,0.0,0.0,0,0,0,0,0,0,0,0,0.0,125.0,125.0,0,0,0,0,125,1727764990.556874,0.0,1727764990.556874,1727764990.556874,0.0,0.0,0.0,0.0
60968,1.0,1,0,125,0,125,125,125.0,0.0,0,0,0,0,125.0,1.0,0.0,0.0,0.0,0.0,0.0,0.0,0.0,0.0,0.0,0,0,0,0,0,0,0,34,0,1.0,0.0,125,125,125.0,0.0,0.0,0,0,0,0,0,0,0,0,0.0,125.0,125.0,0,0,0,0,125,1727764990.557248,0.0,1727764990.557248,1727764990.557248,0.0,0.0,0.0,0.0
53,1.0,1,0,97,0,97,97,97.0,0.0,0,0,0,0,97.0,1.0,0.0,0.0,0.0,0.0,0.0,0.0,0.0,0.0,0.0,0,0,0,0,0,0,0,34,0,1.0,0.0,97,97,97.0,0.0,0.0,0,0,0,0,0,0,0,0,0.0,97.0,97.0,0,0,0,0,97,1727764990.560651,0.0,1727764990.560651,1727764990.560651,0.0,0.0,0.0,0.0
53,1.0,1,0,97,0,97,97,97.0,0.0,0,0,0,0,97.0,1.0,0.0,0.0,0.0,0.0,0.0,0.0,0.0,0.0,0.0,0,0,0,0,0,0,0,34,0,1.0,0.0,97,97,97.0,0.0,0.0,0,0,0,0,0,0,0,0,0.0,97.0,97.0,0,0,0,0,97,1727764990.560845,0.0,1727764990.560845,1727764990.560845,0.0,0.0,0.0,0.0
57889,1.0,1,0,154,0,154,154,154.0,0.0,0,0,0,0,154.0,1.0,0.0,0.0,0.0,0.0,0.0,0.0,0.0,0.0,0.0,0,0,0,0,0,0,0,34,0,1.0,0.0,154,154,154.0,0.0,0.0,0,0,0,0,0,0,0,0,0.0,154.0,154.0,0,0,0,0,154,1727764990.566612,0.0,1727764990.566612,1727764990.566612,0.0,0.0,0.0,0.0
43936,1.0,1,0,154,0,154,154,154.0,0.0,0,0,0,0,154.0,1.0,0.0,0.0,0.0,0.0,0.0,0.0,0.0,0.0,0.0,0,0,0,0,0,0,0,34,0,1.0,0.0,154,154,154.0,0.0,0.0,0,0,0,0,0,0,0,0,0.0,154.0,154.0,0,0,0,0,154,1727764990.568416,0.0,1727764990.568416,1727764990.568416,0.0,0.0,0.0,0.0
1900,1.0,1,0,167,0,167,167,167.0,0.0,0,0,0,0,167.0,1.0,0.0,0.0,0.0,0.0,0.0,0.0,0.0,0.0,0.0,0,0,0,0,0,0,0,34,0,1.0,0.0,167,167,167.0,0.0,0.0,0,0,0,0,0,0,0,0,0.0,167.0,167.0,0,0,0,0,167,1727764997.653512,0.0,1727764997.653512,1727764997.653512,0.0,0.0,0.0,0.0
1900,48.37132501602173,4,0,668,0,167,167,167.0,0.0,0,0,0,0,13.80983464436301,0.0826936206249282,16.123775005340576,26.313610772419427,46.49001407623291,0.03249502182006836,48.37132453918457,16.123775005340576,26.313610772419427,46.49001407623291,0.03249502182006836,0,0,0,0,0,0,0,136,0,0.0826936206249282,0.0,167,167,167.0,0.0,0.0,0,0,0,0,0,0,0,0,0.0,167.0,167.0,0,0,0,0,167,1727765022.6437664,27.39451284294246,1727765047.283509,1727764998.912184,24.16941499710083,31.566093938001003,46.49001407623291,1.84881591796875
5353,39.2256019115448,11,0,2354,0,491,77,214.0,181.64635972130023,0,0,0,0,60.01182608512568,0.2804290938557275,3.92256019115448,8.995577898602637,28.57245707511902,0.0009930133819580078,39.22560119628906,3.92256019115448,8.995577898602637,28.57245707511902,0.0009930133819580078,0,0,0,0,0,0,0,374,0,0.2804290938557275,0.0,77,491,214.0,181.64635972130023,32995.4,0,0,0,0,0,0,0,0,0.0,214.0,214.0,0,0,0,0,77,1727765030.5205452,13.72259915972908,1727765042.699457,1727765003.473855,12.526456276575724,14.324546478428516,28.57245707511902,1.0268158912658691
53,1.0,1,0,85,0,85,85,85.0,0.0,0,0,0,0,85.0,1.0,0.0,0.0,0.0,0.0,0.0,0.0,0.0,0.0,0.0,0,0,0,0,0,0,0,34,0,1.0,0.0,85,85,85.0,0.0,0.0,0,0,0,0,0,0,0,0,0.0,85.0,85.0,0,0,0,0,85,1727765009.627098,0.0,1727765009.627098,1727765009.627098,0.0,0.0,0.0,0.0
53,1.0,1,0,85,0,85,85,85.0,0.0,0,0,0,0,85.0,1.0,0.0,0.0,0.0,0.0,0.0,0.0,0.0,0.0,0.0,0,0,0,0,0,0,0,34,0,1.0,0.0,85,85,85.0,0.0,0.0,0,0,0,0,0,0,0,0,0.0,85.0,85.0,0,0,0,0,85,1727765009.627228,0.0,1727765009.627228,1727765009.627228,0.0,0.0,0.0,0.0
36331,1.0,1,0,122,0,122,122,122.0,0.0,0,0,0,0,122.0,1.0,0.0,0.0,0.0,0.0,0.0,0.0,0.0,0.0,0.0,0,0,0,0,0,0,0,34,0,1.0,0.0,122,122,122.0,0.0,0.0,0,0,0,0,0,0,0,0,0.0,122.0,122.0,0,0,0,0,122,1727765009.634421,0.0,1727765009.634421,1727765009.634421,0.0,0.0,0.0,0.0
56639,1.0,1,0,134,0,134,134,134.0,0.0,0,0,0,0,134.0,1.0,0.0,0.0,0.0,0.0,0.0,0.0,0.0,0.0,0.0,0,0,0,0,0,0,0,34,0,1.0,0.0,134,134,134.0,0.0,0.0,0,0,0,0,0,0,0,0,0.0,134.0,134.0,0,0,0,0,134,1727765009.634946,0.0,1727765009.634946,1727765009.634946,0.0,0.0,0.0,0.0
53,1.0,1,0,96,0,96,96,96.0,0.0,0,0,0,0,96.0,1.0,0.0,0.0,0.0,0.0,0.0,0.0,0.0,0.0,0.0,0,0,0,0,0,0,0,34,0,1.0,0.0,96,96,96.0,0.0,0.0,0,0,0,0,0,0,0,0,0.0,96.0,96.0,0,0,0,0,96,1727765011.276004,0.0,1727765011.276004,1727765011.276004,0.0,0.0,0.0,0.0
53,1.0,1,0,96,0,96,96,96.0,0.0,0,0,0,0,96.0,1.0,0.0,0.0,0.0,0.0,0.0,0.0,0.0,0.0,0.0,0,0,0,0,0,0,0,34,0,1.0,0.0,96,96,96.0,0.0,0.0,0,0,0,0,0,0,0,0,0.0,96.0,96.0,0,0,0,0,96,1727765011.276307,0.0,1727765011.276307,1727765011.276307,0.0,0.0,0.0,0.0
53,1.0,1,0,96,0,96,96,96.0,0.0,0,0,0,0,96.0,1.0,0.0,0.0,0.0,0.0,0.0,0.0,0.0,0.0,0.0,0,0,0,0,0,0,0,34,0,1.0,0.0,96,96,96.0,0.0,0.0,0,0,0,0,0,0,0,0,0.0,96.0,96.0,0,0,0,0,96,1727765011.276428,0.0,1727765011.276428,1727765011.276428,0.0,0.0,0.0,0.0
56312,1.0,1,0,184,0,184,184,184.0,0.0,0,0,0,0,184.0,1.0,0.0,0.0,0.0,0.0,0.0,0.0,0.0,0.0,0.0,0,0,0,0,0,0,0,34,0,1.0,0.0,184,184,184.0,0.0,0.0,0,0,0,0,0,0,0,0,0.0,184.0,184.0,0,0,0,0,184,1727765011.282874,0.0,1727765011.282874,1727765011.282874,0.0,0.0,0.0,0.0
53,1.0,1,0,107,0,107,107,107.0,0.0,0,0,0,0,107.0,1.0,0.0,0.0,0.0,0.0,0.0,0.0,0.0,0.0,0.0,0,0,0,0,0,0,0,34,0,1.0,0.0,107,107,107.0,0.0,0.0,0,0,0,0,0,0,0,0,0.0,107.0,107.0,0,0,0,0,107,1727765011.283371,0.0,1727765011.283371,1727765011.283371,0.0,0.0,0.0,0.0
35847,1.0,1,0,141,0,141,141,141.0,0.0,0,0,0,0,141.0,1.0,0.0,0.0,0.0,0.0,0.0,0.0,0.0,0.0,0.0,0,0,0,0,0,0,0,34,0,1.0,0.0,141,141,141.0,0.0,0.0,0,0,0,0,0,0,0,0,0.0,141.0,141.0,0,0,0,0,141,1727765011.28341,0.0,1727765011.28341,1727765011.28341,0.0,0.0,0.0,0.0
34980,1.0,1,0,153,0,153,153,153.0,0.0,0,0,0,0,153.0,1.0,0.0,0.0,0.0,0.0,0.0,0.0,0.0,0.0,0.0,0,0,0,0,0,0,0,34,0,1.0,0.0,153,153,153.0,0.0,0.0,0,0,0,0,0,0,0,0,0.0,153.0,153.0,0,0,0,0,153,1727765011.284059,0.0,1727765011.284059,1727765011.284059,0.0,0.0,0.0,0.0
46827,1.0,1,0,164,0,164,164,164.0,0.0,0,0,0,0,164.0,1.0,0.0,0.0,0.0,0.0,0.0,0.0,0.0,0.0,0.0,0,0,0,0,0,0,0,34,0,1.0,0.0,164,164,164.0,0.0,0.0,0,0,0,0,0,0,0,0,0.0,164.0,164.0,0,0,0,0,164,1727765011.289273,0.0,1727765011.289273,1727765011.289273,0.0,0.0,0.0,0.0
53,1.0,1,0,87,0,87,87,87.0,0.0,0,0,0,0,87.0,1.0,0.0,0.0,0.0,0.0,0.0,0.0,0.0,0.0,0.0,0,0,0,0,0,0,0,34,0,1.0,0.0,87,87,87.0,0.0,0.0,0,0,0,0,0,0,0,0,0.0,87.0,87.0,0,0,0,0,87,1727765019.551509,0.0,1727765019.551509,1727765019.551509,0.0,0.0,0.0,0.0
33750,1.0,1,0,235,0,235,235,235.0,0.0,0,0,0,0,235.0,1.0,0.0,0.0,0.0,0.0,0.0,0.0,0.0,0.0,0.0,0,0,0,0,0,0,0,34,0,1.0,0.0,235,235,235.0,0.0,0.0,0,0,0,0,0,0,0,0,0.0,235.0,235.0,0,0,0,0,235,1727765019.560316,0.0,1727765019.560316,1727765019.560316,0.0,0.0,0.0,0.0
53,1.0,1,0,100,0,100,100,100.0,0.0,0,0,0,0,100.0,1.0,0.0,0.0,0.0,0.0,0.0,0.0,0.0,0.0,0.0,0,0,0,0,0,0,0,34,0,1.0,0.0,100,100,100.0,0.0,0.0,0,0,0,0,0,0,0,0,0.0,100.0,100.0,0,0,0,0,100,1727765026.255551,0.0,1727765026.255551,1727765026.255551,0.0,0.0,0.0,0.0
41198,1.0,1,0,292,0,292,292,292.0,0.0,0,0,0,0,292.0,1.0,0.0,0.0,0.0,0.0,0.0,0.0,0.0,0.0,0.0,0,0,0,0,0,0,0,34,0,1.0,0.0,292,292,292.0,0.0,0.0,0,0,0,0,0,0,0,0,0.0,292.0,292.0,0,0,0,0,292,1727765026.324602,0.0,1727765026.324602,1727765026.324602,0.0,0.0,0.0,0.0
53,1.0,1,0,100,0,100,100,100.0,0.0,0,0,0,0,100.0,1.0,0.0,0.0,0.0,0.0,0.0,0.0,0.0,0.0,0.0,0,0,0,0,0,0,0,34,0,1.0,0.0,100,100,100.0,0.0,0.0,0,0,0,0,0,0,0,0,0.0,100.0,100.0,0,0,0,0,100,1727765027.252914,0.0,1727765027.252914,1727765027.252914,0.0,0.0,0.0,0.0
47090,1.0,1,0,436,0,436,436,436.0,0.0,0,0,0,0,436.0,1.0,0.0,0.0,0.0,0.0,0.0,0.0,0.0,0.0,0.0,0,0,0,0,0,0,0,34,0,1.0,0.0,436,436,436.0,0.0,0.0,0,0,0,0,0,0,0,0,0.0,436.0,436.0,0,0,0,0,436,1727765027.356994,0.0,1727765027.356994,1727765027.356994,0.0,0.0,0.0,0.0
5353,1.0,1,0,75,0,75,75,75.0,0.0,0,0,0,0,75.0,1.0,0.0,0.0,0.0,0.0,0.0,0.0,0.0,0.0,0.0,0,0,0,0,0,0,0,34,0,1.0,0.0,75,75,75.0,0.0,0.0,0,0,0,0,0,0,0,0,0.0,75.0,75.0,0,0,0,0,75,1727765036.969148,0.0,1727765036.969148,1727765036.969148,0.0,0.0,0.0,0.0
53,1.0,1,0,86,0,86,86,86.0,0.0,0,0,0,0,86.0,1.0,0.0,0.0,0.0,0.0,0.0,0.0,0.0,0.0,0.0,0,0,0,0,0,0,0,34,0,1.0,0.0,86,86,86.0,0.0,0.0,0,0,0,0,0,0,0,0,0.0,86.0,86.0,0,0,0,0,86,1727765036.97505,0.0,1727765036.97505,1727765036.97505,0.0,0.0,0.0,0.0
58068,1.0,1,0,136,0,136,136,136.0,0.0,0,0,0,0,136.0,1.0,0.0,0.0,0.0,0.0,0.0,0.0,0.0,0.0,0.0,0,0,0,0,0,0,0,34,0,1.0,0.0,136,136,136.0,0.0,0.0,0,0,0,0,0,0,0,0,0.0,136.0,136.0,0,0,0,0,136,1727765036.981921,0.0,1727765036.981921,1727765036.981921,0.0,0.0,0.0,0.0
53,1.0,1,0,95,0,95,95,95.0,0.0,0,0,0,0,95.0,1.0,0.0,0.0,0.0,0.0,0.0,0.0,0.0,0.0,0.0,0,0,0,0,0,0,0,34,0,1.0,0.0,95,95,95.0,0.0,0.0,0,0,0,0,0,0,0,0,0.0,95.0,95.0,0,0,0,0,95,1727765041.119311,0.0,1727765041.119311,1727765041.119311,0.0,0.0,0.0,0.0
34251,1.0,1,0,120,0,120,120,120.0,0.0,0,0,0,0,120.0,1.0,0.0,0.0,0.0,0.0,0.0,0.0,0.0,0.0,0.0,0,0,0,0,0,0,0,34,0,1.0,0.0,120,120,120.0,0.0,0.0,0,0,0,0,0,0,0,0,0.0,120.0,120.0,0,0,0,0,120,1727765041.12381,0.0,1727765041.12381,1727765041.12381,0.0,0.0,0.0,0.0
53,1.0,1,0,88,0,88,88,88.0,0.0,0,0,0,0,88.0,1.0,0.0,0.0,0.0,0.0,0.0,0.0,0.0,0.0,0.0,0,0,0,0,0,0,0,34,0,1.0,0.0,88,88,88.0,0.0,0.0,0,0,0,0,0,0,0,0,0.0,88.0,88.0,0,0,0,0,88,1727765042.279008,0.0,1727765042.279008,1727765042.279008,0.0,0.0,0.0,0.0
40687,1.0,1,0,222,0,222,222,222.0,0.0,0,0,0,0,222.0,1.0,0.0,0.0,0.0,0.0,0.0,0.0,0.0,0.0,0.0,0,0,0,0,0,0,0,34,0,1.0,0.0,222,222,222.0,0.0,0.0,0,0,0,0,0,0,0,0,0.0,222.0,222.0,0,0,0,0,222,1727765042.285135,0.0,1727765042.285135,1727765042.285135,0.0,0.0,0.0,0.0
53,1.0,1,0,93,0,93,93,93.0,0.0,0,0,0,0,93.0,1.0,0.0,0.0,0.0,0.0,0.0,0.0,0.0,0.0,0.0,0,0,0,0,0,0,0,34,0,1.0,0.0,93,93,93.0,0.0,0.0,0,0,0,0,0,0,0,0,0.0,93.0,93.0,0,0,0,0,93,1727765042.624051,0.0,1727765042.624051,1727765042.624051,0.0,0.0,0.0,0.0
53,1.0,1,0,93,0,93,93,93.0,0.0,0,0,0,0,93.0,1.0,0.0,0.0,0.0,0.0,0.0,0.0,0.0,0.0,0.0,0,0,0,0,0,0,0,34,0,1.0,0.0,93,93,93.0,0.0,0.0,0,0,0,0,0,0,0,0,0.0,93.0,93.0,0,0,0,0,93,1727765042.624246,0.0,1727765042.624246,1727765042.624246,0.0,0.0,0.0,0.0
53296,1.0,1,0,109,0,109,109,109.0,0.0,0,0,0,0,109.0,1.0,0.0,0.0,0.0,0.0,0.0,0.0,0.0,0.0,0.0,0,0,0,0,0,0,0,34,0,1.0,0.0,109,109,109.0,0.0,0.0,0,0,0,0,0,0,0,0,0.0,109.0,109.0,0,0,0,0,109,1727765042.625913,0.0,1727765042.625913,1727765042.625913,0.0,0.0,0.0,0.0
43380,1.0,1,0,121,0,121,121,121.0,0.0,0,0,0,0,121.0,1.0,0.0,0.0,0.0,0.0,0.0,0.0,0.0,0.0,0.0,0,0,0,0,0,0,0,34,0,1.0,0.0,121,121,121.0,0.0,0.0,0,0,0,0,0,0,0,0,0.0,121.0,121.0,0,0,0,0,121,1727765042.626495,0.0,1727765042.626495,1727765042.626495,0.0,0.0,0.0,0.0
53,1.0,1,0,90,0,90,90,90.0,0.0,0,0,0,0,90.0,1.0,0.0,0.0,0.0,0.0,0.0,0.0,0.0,0.0,0.0,0,0,0,0,0,0,0,34,0,1.0,0.0,90,90,90.0,0.0,0.0,0,0,0,0,0,0,0,0,0.0,90.0,90.0,0,0,0,0,90,1727765043.386117,0.0,1727765043.386117,1727765043.386117,0.0,0.0,0.0,0.0
53,1.0,1,0,90,0,90,90,90.0,0.0,0,0,0,0,90.0,1.0,0.0,0.0,0.0,0.0,0.0,0.0,0.0,0.0,0.0,0,0,0,0,0,0,0,34,0,1.0,0.0,90,90,90.0,0.0,0.0,0,0,0,0,0,0,0,0,0.0,90.0,90.0,0,0,0,0,90,1727765043.38636,0.0,1727765043.38636,1727765043.38636,0.0,0.0,0.0,0.0
53,1.0,1,0,102,0,102,102,102.0,0.0,0,0,0,0,102.0,1.0,0.0,0.0,0.0,0.0,0.0,0.0,0.0,0.0,0.0,0,0,0,0,0,0,0,34,0,1.0,0.0,102,102,102.0,0.0,0.0,0,0,0,0,0,0,0,0,0.0,102.0,102.0,0,0,0,0,102,1727765043.394188,0.0,1727765043.394188,1727765043.394188,0.0,0.0,0.0,0.0
53,1.0,1,0,102,0,102,102,102.0,0.0,0,0,0,0,102.0,1.0,0.0,0.0,0.0,0.0,0.0,0.0,0.0,0.0,0.0,0,0,0,0,0,0,0,34,0,1.0,0.0,102,102,102.0,0.0,0.0,0,0,0,0,0,0,0,0,0.0,102.0,102.0,0,0,0,0,102,1727765043.394406,0.0,1727765043.394406,1727765043.394406,0.0,0.0,0.0,0.0
59317,1.0,1,0,129,0,129,129,129.0,0.0,0,0,0,0,129.0,1.0,0.0,0.0,0.0,0.0,0.0,0.0,0.0,0.0,0.0,0,0,0,0,0,0,0,34,0,1.0,0.0,129,129,129.0,0.0,0.0,0,0,0,0,0,0,0,0,0.0,129.0,129.0,0,0,0,0,129,1727765043.400601,0.0,1727765043.400601,1727765043.400601,0.0,0.0,0.0,0.0
45933,1.0,1,0,141,0,141,141,141.0,0.0,0,0,0,0,141.0,1.0,0.0,0.0,0.0,0.0,0.0,0.0,0.0,0.0,0.0,0,0,0,0,0,0,0,34,0,1.0,0.0,141,141,141.0,0.0,0.0,0,0,0,0,0,0,0,0,0.0,141.0,141.0,0,0,0,0,141,1727765043.402459,0.0,1727765043.402459,1727765043.402459,0.0,0.0,0.0,0.0
41842,1.0,1,0,118,0,118,118,118.0,0.0,0,0,0,0,118.0,1.0,0.0,0.0,0.0,0.0,0.0,0.0,0.0,0.0,0.0,0,0,0,0,0,0,0,34,0,1.0,0.0,118,118,118.0,0.0,0.0,0,0,0,0,0,0,0,0,0.0,118.0,118.0,0,0,0,0,118,1727765043.403518,0.0,1727765043.403518,1727765043.403518,0.0,0.0,0.0,0.0
49764,1.0,1,0,130,0,130,130,130.0,0.0,0,0,0,0,130.0,1.0,0.0,0.0,0.0,0.0,0.0,0.0,0.0,0.0,0.0,0,0,0,0,0,0,0,34,0,1.0,0.0,130,130,130.0,0.0,0.0,0,0,0,0,0,0,0,0,0.0,130.0,130.0,0,0,0,0,130,1727765043.404619,0.0,1727765043.404619,1727765043.404619,0.0,0.0,0.0,0.0
53,1.0,1,0,92,0,92,92,92.0,0.0,0,0,0,0,92.0,1.0,0.0,0.0,0.0,0.0,0.0,0.0,0.0,0.0,0.0,0,0,0,0,0,0,0,34,0,1.0,0.0,92,92,92.0,0.0,0.0,0,0,0,0,0,0,0,0,0.0,92.0,92.0,0,0,0,0,92,1727765043.41103,0.0,1727765043.41103,1727765043.41103,0.0,0.0,0.0,0.0
51302,1.0,1,0,173,0,173,173,173.0,0.0,0,0,0,0,173.0,1.0,0.0,0.0,0.0,0.0,0.0,0.0,0.0,0.0,0.0,0,0,0,0,0,0,0,34,0,1.0,0.0,173,173,173.0,0.0,0.0,0,0,0,0,0,0,0,0,0.0,173.0,173.0,0,0,0,0,173,1727765043.415592,0.0,1727765043.415592,1727765043.415592,0.0,0.0,0.0,0.0
53,1.0,1,0,102,0,102,102,102.0,0.0,0,0,0,0,102.0,1.0,0.0,0.0,0.0,0.0,0.0,0.0,0.0,0.0,0.0,0,0,0,0,0,0,0,34,0,1.0,0.0,102,102,102.0,0.0,0.0,0,0,0,0,0,0,0,0,0.0,102.0,102.0,0,0,0,0,102,1727765043.420228,0.0,1727765043.420228,1727765043.420228,0.0,0.0,0.0,0.0
56039,1.0,1,0,127,0,127,127,127.0,0.0,0,0,0,0,127.0,1.0,0.0,0.0,0.0,0.0,0.0,0.0,0.0,0.0,0.0,0,0,0,0,0,0,0,34,0,1.0,0.0,127,127,127.0,0.0,0.0,0,0,0,0,0,0,0,0,0.0,127.0,127.0,0,0,0,0,127,1727765043.424816,0.0,1727765043.424816,1727765043.424816,0.0,0.0,0.0,0.0
53,1.0,1,0,87,0,87,87,87.0,0.0,0,0,0,0,87.0,1.0,0.0,0.0,0.0,0.0,0.0,0.0,0.0,0.0,0.0,0,0,0,0,0,0,0,34,0,1.0,0.0,87,87,87.0,0.0,0.0,0,0,0,0,0,0,0,0,0.0,87.0,87.0,0,0,0,0,87,1727765044.408801,0.0,1727765044.408801,1727765044.408801,0.0,0.0,0.0,0.0
37987,1.0,1,0,144,0,144,144,144.0,0.0,0,0,0,0,144.0,1.0,0.0,0.0,0.0,0.0,0.0,0.0,0.0,0.0,0.0,0,0,0,0,0,0,0,34,0,1.0,0.0,144,144,144.0,0.0,0.0,0,0,0,0,0,0,0,0,0.0,144.0,144.0,0,0,0,0,144,1727765044.410384,0.0,1727765044.410384,1727765044.410384,0.0,0.0,0.0,0.0
53,1.0,1,0,98,0,98,98,98.0,0.0,0,0,0,0,98.0,1.0,0.0,0.0,0.0,0.0,0.0,0.0,0.0,0.0,0.0,0,0,0,0,0,0,0,34,0,1.0,0.0,98,98,98.0,0.0,0.0,0,0,0,0,0,0,0,0,0.0,98.0,98.0,0,0,0,0,98,1727765044.411173,0.0,1727765044.411173,1727765044.411173,0.0,0.0,0.0,0.0
41642,1.0,1,0,126,0,126,126,126.0,0.0,0,0,0,0,126.0,1.0,0.0,0.0,0.0,0.0,0.0,0.0,0.0,0.0,0.0,0,0,0,0,0,0,0,34,0,1.0,0.0,126,126,126.0,0.0,0.0,0,0,0,0,0,0,0,0,0.0,126.0,126.0,0,0,0,0,126,1727765044.417378,0.0,1727765044.417378,1727765044.417378,0.0,0.0,0.0,0.0
53,1.0,1,0,98,0,98,98,98.0,0.0,0,0,0,0,98.0,1.0,0.0,0.0,0.0,0.0,0.0,0.0,0.0,0.0,0.0,0,0,0,0,0,0,0,34,0,1.0,0.0,98,98,98.0,0.0,0.0,0,0,0,0,0,0,0,0,0.0,98.0,98.0,0,0,0,0,98,1727765044.427667,0.0,1727765044.427667,1727765044.427667,0.0,0.0,0.0,0.0
48044,1.0,1,0,143,0,143,143,143.0,0.0,0,0,0,0,143.0,1.0,0.0,0.0,0.0,0.0,0.0,0.0,0.0,0.0,0.0,0,0,0,0,0,0,0,34,0,1.0,0.0,143,143,143.0,0.0,0.0,0,0,0,0,0,0,0,0,0.0,143.0,143.0,0,0,0,0,143,1727765044.43497,0.0,1727765044.43497,1727765044.43497,0.0,0.0,0.0,0.0
53,1.0,1,0,80,0,80,80,80.0,0.0,0,0,0,0,80.0,1.0,0.0,0.0,0.0,0.0,0.0,0.0,0.0,0.0,0.0,0,0,0,0,0,0,0,34,0,1.0,0.0,80,80,80.0,0.0,0.0,0,0,0,0,0,0,0,0,0.0,80.0,80.0,0,0,0,0,80,1727765053.619444,0.0,1727765053.619444,1727765053.619444,0.0,0.0,0.0,0.0
53,1.0,1,0,80,0,80,80,80.0,0.0,0,0,0,0,80.0,1.0,0.0,0.0,0.0,0.0,0.0,0.0,0.0,0.0,0.0,0,0,0,0,0,0,0,34,0,1.0,0.0,80,80,80.0,0.0,0.0,0,0,0,0,0,0,0,0,0.0,80.0,80.0,0,0,0,0,80,1727765053.623819,0.0,1727765053.623819,1727765053.623819,0.0,0.0,0.0,0.0
53,1.0,1,0,94,0,94,94,94.0,0.0,0,0,0,0,94.0,1.0,0.0,0.0,0.0,0.0,0.0,0.0,0.0,0.0,0.0,0,0,0,0,0,0,0,34,0,1.0,0.0,94,94,94.0,0.0,0.0,0,0,0,0,0,0,0,0,0.0,94.0,94.0,0,0,0,0,94,1727765054.101961,0.0,1727765054.101961,1727765054.101961,0.0,0.0,0.0,0.0
53,1.0,1,0,94,0,94,94,94.0,0.0,0,0,0,0,94.0,1.0,0.0,0.0,0.0,0.0,0.0,0.0,0.0,0.0,0.0,0,0,0,0,0,0,0,34,0,1.0,0.0,94,94,94.0,0.0,0.0,0,0,0,0,0,0,0,0,0.0,94.0,94.0,0,0,0,0,94,1727765054.102062,0.0,1727765054.102062,1727765054.102062,0.0,0.0,0.0,0.0
57523,1.0,1,0,137,0,137,137,137.0,0.0,0,0,0,0,137.0,1.0,0.0,0.0,0.0,0.0,0.0,0.0,0.0,0.0,0.0,0,0,0,0,0,0,0,34,0,1.0,0.0,137,137,137.0,0.0,0.0,0,0,0,0,0,0,0,0,0.0,137.0,137.0,0,0,0,0,137,1727765054.210223,0.0,1727765054.210223,1727765054.210223,0.0,0.0,0.0,0.0
58505,1.0,1,0,96,0,96,96,96.0,0.0,0,0,0,0,96.0,1.0,0.0,0.0,0.0,0.0,0.0,0.0,0.0,0.0,0.0,0,0,0,0,0,0,0,34,0,1.0,0.0,96,96,96.0,0.0,0.0,0,0,0,0,0,0,0,0,0.0,96.0,96.0,0,0,0,0,96,1727765054.218666,0.0,1727765054.218666,1727765054.218666,0.0,0.0,0.0,0.0
53,1.0,1,0,80,0,80,80,80.0,0.0,0,0,0,0,80.0,1.0,0.0,0.0,0.0,0.0,0.0,0.0,0.0,0.0,0.0,0,0,0,0,0,0,0,34,0,1.0,0.0,80,80,80.0,0.0,0.0,0,0,0,0,0,0,0,0,0.0,80.0,80.0,0,0,0,0,80,1727765054.219298,0.0,1727765054.219298,1727765054.219298,0.0,0.0,0.0,0.0
53,1.0,1,0,84,0,84,84,84.0,0.0,0,0,0,0,84.0,1.0,0.0,0.0,0.0,0.0,0.0,0.0,0.0,0.0,0.0,0,0,0,0,0,0,0,34,0,1.0,0.0,84,84,84.0,0.0,0.0,0,0,0,0,0,0,0,0,0.0,84.0,84.0,0,0,0,0,84,1727765054.423131,0.0,1727765054.423131,1727765054.423131,0.0,0.0,0.0,0.0
53,1.0,1,0,84,0,84,84,84.0,0.0,0,0,0,0,84.0,1.0,0.0,0.0,0.0,0.0,0.0,0.0,0.0,0.0,0.0,0,0,0,0,0,0,0,34,0,1.0,0.0,84,84,84.0,0.0,0.0,0,0,0,0,0,0,0,0,0.0,84.0,84.0,0,0,0,0,84,1727765054.4233,0.0,1727765054.4233,1727765054.4233,0.0,0.0,0.0,0.0
53673,1.0,1,0,167,0,167,167,167.0,0.0,0,0,0,0,167.0,1.0,0.0,0.0,0.0,0.0,0.0,0.0,0.0,0.0,0.0,0,0,0,0,0,0,0,34,0,1.0,0.0,167,167,167.0,0.0,0.0,0,0,0,0,0,0,0,0,0.0,167.0,167.0,0,0,0,0,167,1727765054.454321,0.0,1727765054.454321,1727765054.454321,0.0,0.0,0.0,0.0
36877,1.0,1,0,179,0,179,179,179.0,0.0,0,0,0,0,179.0,1.0,0.0,0.0,0.0,0.0,0.0,0.0,0.0,0.0,0.0,0,0,0,0,0,0,0,34,0,1.0,0.0,179,179,179.0,0.0,0.0,0,0,0,0,0,0,0,0,0.0,179.0,179.0,0,0,0,0,179,1727765054.460757,0.0,1727765054.460757,1727765054.460757,0.0,0.0,0.0,0.0
54386,1.0,1,0,108,0,108,108,108.0,0.0,0,0,0,0,108.0,1.0,0.0,0.0,0.0,0.0,0.0,0.0,0.0,0.0,0.0,0,0,0,0,0,0,0,34,0,1.0,0.0,108,108,108.0,0.0,0.0,0,0,0,0,0,0,0,0,0.0,108.0,108.0,0,0,0,0,108,1727765054.51805,0.0,1727765054.51805,1727765054.51805,0.0,0.0,0.0,0.0
55808,1.0,1,0,133,0,133,133,133.0,0.0,0,0,0,0,133.0,1.0,0.0,0.0,0.0,0.0,0.0,0.0,0.0,0.0,0.0,0,0,0,0,0,0,0,34,0,1.0,0.0,133,133,133.0,0.0,0.0,0,0,0,0,0,0,0,0,0.0,133.0,133.0,0,0,0,0,133,1727765054.518096,0.0,1727765054.518096,1727765054.518096,0.0,0.0,0.0,0.0
36574,1.0,1,0,145,0,145,145,145.0,0.0,0,0,0,0,145.0,1.0,0.0,0.0,0.0,0.0,0.0,0.0,0.0,0.0,0.0,0,0,0,0,0,0,0,34,0,1.0,0.0,145,145,145.0,0.0,0.0,0,0,0,0,0,0,0,0,0.0,145.0,145.0,0,0,0,0,145,1727765054.518096,0.0,1727765054.518096,1727765054.518096,0.0,0.0,0.0,0.0
53,1.0,1,0,86,0,86,86,86.0,0.0,0,0,0,0,86.0,1.0,0.0,0.0,0.0,0.0,0.0,0.0,0.0,0.0,0.0,0,0,0,0,0,0,0,34,0,1.0,0.0,86,86,86.0,0.0,0.0,0,0,0,0,0,0,0,0,0.0,86.0,86.0,0,0,0,0,86,1727765054.830744,0.0,1727765054.830744,1727765054.830744,0.0,0.0,0.0,0.0
46317,1.0,1,0,102,0,102,102,102.0,0.0,0,0,0,0,102.0,1.0,0.0,0.0,0.0,0.0,0.0,0.0,0.0,0.0,0.0,0,0,0,0,0,0,0,34,0,1.0,0.0,102,102,102.0,0.0,0.0,0,0,0,0,0,0,0,0,0.0,102.0,102.0,0,0,0,0,102,1727765054.836183,0.0,1727765054.836183,1727765054.836183,0.0,0.0,0.0,0.0
53,1.0,1,0,86,0,86,86,86.0,0.0,0,0,0,0,86.0,1.0,0.0,0.0,0.0,0.0,0.0,0.0,0.0,0.0,0.0,0,0,0,0,0,0,0,34,0,1.0,0.0,86,86,86.0,0.0,0.0,0,0,0,0,0,0,0,0,0.0,86.0,86.0,0,0,0,0,86,1727765054.836658,0.0,1727765054.836658,1727765054.836658,0.0,0.0,0.0,0.0
35348,1.0,1,0,114,0,114,114,114.0,0.0,0,0,0,0,114.0,1.0,0.0,0.0,0.0,0.0,0.0,0.0,0.0,0.0,0.0,0,0,0,0,0,0,0,34,0,1.0,0.0,114,114,114.0,0.0,0.0,0,0,0,0,0,0,0,0,0.0,114.0,114.0,0,0,0,0,114,1727765054.849242,0.0,1727765054.849242,1727765054.849242,0.0,0.0,0.0,0.0
53,1.0,1,0,86,0,86,86,86.0,0.0,0,0,0,0,86.0,1.0,0.0,0.0,0.0,0.0,0.0,0.0,0.0,0.0,0.0,0,0,0,0,0,0,0,34,0,1.0,0.0,86,86,86.0,0.0,0.0,0,0,0,0,0,0,0,0,0.0,86.0,86.0,0,0,0,0,86,1727765055.098513,0.0,1727765055.098513,1727765055.098513,0.0,0.0,0.0,0.0
53,1.0,1,0,92,0,92,92,92.0,0.0,0,0,0,0,92.0,1.0,0.0,0.0,0.0,0.0,0.0,0.0,0.0,0.0,0.0,0,0,0,0,0,0,0,34,0,1.0,0.0,92,92,92.0,0.0,0.0,0,0,0,0,0,0,0,0,0.0,92.0,92.0,0,0,0,0,92,1727765055.152961,0.0,1727765055.152961,1727765055.152961,0.0,0.0,0.0,0.0
53,1.0,1,0,92,0,92,92,92.0,0.0,0,0,0,0,92.0,1.0,0.0,0.0,0.0,0.0,0.0,0.0,0.0,0.0,0.0,0,0,0,0,0,0,0,34,0,1.0,0.0,92,92,92.0,0.0,0.0,0,0,0,0,0,0,0,0,0.0,92.0,92.0,0,0,0,0,92,1727765055.153068,0.0,1727765055.153068,1727765055.153068,0.0,0.0,0.0,0.0
53,1.0,1,0,92,0,92,92,92.0,0.0,0,0,0,0,92.0,1.0,0.0,0.0,0.0,0.0,0.0,0.0,0.0,0.0,0.0,0,0,0,0,0,0,0,34,0,1.0,0.0,92,92,92.0,0.0,0.0,0,0,0,0,0,0,0,0,0.0,92.0,92.0,0,0,0,0,92,1727765055.347658,0.0,1727765055.347658,1727765055.347658,0.0,0.0,0.0,0.0
41566,1.0,1,0,136,0,136,136,136.0,0.0,0,0,0,0,136.0,1.0,0.0,0.0,0.0,0.0,0.0,0.0,0.0,0.0,0.0,0,0,0,0,0,0,0,34,0,1.0,0.0,136,136,136.0,0.0,0.0,0,0,0,0,0,0,0,0,0.0,136.0,136.0,0,0,0,0,136,1727765059.69933,0.0,1727765059.69933,1727765059.69933,0.0,0.0,0.0,0.0
53305,1.0,1,0,140,0,140,140,140.0,0.0,0,0,0,0,140.0,1.0,0.0,0.0,0.0,0.0,0.0,0.0,0.0,0.0,0.0,0,0,0,0,0,0,0,34,0,1.0,0.0,140,140,140.0,0.0,0.0,0,0,0,0,0,0,0,0,0.0,140.0,140.0,0,0,0,0,140,1727765059.722696,0.0,1727765059.722696,1727765059.722696,0.0,0.0,0.0,0.0
35421,1.0,1,0,152,0,152,152,152.0,0.0,0,0,0,0,152.0,1.0,0.0,0.0,0.0,0.0,0.0,0.0,0.0,0.0,0.0,0,0,0,0,0,0,0,34,0,1.0,0.0,152,152,152.0,0.0,0.0,0,0,0,0,0,0,0,0,0.0,152.0,152.0,0,0,0,0,152,1727765059.722696,0.0,1727765059.722696,1727765059.722696,0.0,0.0,0.0,0.0
46054,1.0,1,0,120,0,120,120,120.0,0.0,0,0,0,0,120.0,1.0,0.0,0.0,0.0,0.0,0.0,0.0,0.0,0.0,0.0,0,0,0,0,0,0,0,34,0,1.0,0.0,120,120,120.0,0.0,0.0,0,0,0,0,0,0,0,0,0.0,120.0,120.0,0,0,0,0,120,1727765059.767155,0.0,1727765059.767155,1727765059.767155,0.0,0.0,0.0,0.0
